Unnamed: 0,ID,VAL,UNITS,CHG_STATE,logD,ACIDIC,BASIC,STATE_10,STATE_50,STATE_90,MW,XLOGP,CLOGP,TPSA,HBD,HBA,LOGP_COLOR,MW_COLOR,LOGD_COLOR
0,27307,7.1,%,neutral,-0.41,9.96,-2.98,neutral,neutral,neutral,267.241,0.427,-0.3,133.08,2,7,green,green,green
1,447087,-9.0,%,basic,2.79,,9.68,basic,basic,basic,454.602,4.689,5.04,63.95,0,5,red,yellow,yellow
2,394165,-3.2,%,acidic,0.94,5.56,-6.9,acidic,acidic,acidic,308.328,3.534,2.74,67.51,1,4,green,green,green
3,330452,0.8,%,basic,-1.27,,9.73,basic,basic,basic,211.262,1.547,1.01,37.81,1,2,green,green,green
4,297372,6.6,%,basic,-0.49,10.16,7.48,basic,basic,neutral,324.336,-1.449,-0.46,151.14,3,6,green,green,green
5,1216,18.8,%,neutral,1.1,17.33,7.16,basic,neutral,neutral,290.318,0.935,1.28,105.51,2,5,green,green,green
6,27419,18.7,%,neutral,3.63,18.08,4.32,neutral,neutral,neutral,343.21,3.125,2.89,43.07,0,3,green,green,yellow
7,193460,-9.3,%,basic,-0.82,,9.62,basic,basic,basic,133.19,1.015,1.34,26.02,1,0,green,green,green
8,7501,17.3,%,basic,-0.96,8.0,9.83,basic,basic,basic,421.446,1.64,-0.55,104.89,2,6,green,yellow,green
9,46726,5.8,%,acidic,1.36,4.33,,acidic,acidic,acidic,270.348,2.106,2.3,75.27,2,3,green,green,green
10,60319,0.2,%,neutral,3.94,,7.31,basic,neutral,neutral,263.786,3.911,4.2,3.24,0,0,yellow,green,yellow
11,28310,0.6,%,neutral,-1.03,,-0.3,neutral,neutral,neutral,189.218,1.583,-1.03,9.03,0,0,green,green,green
12,5970,25.2,%,basic,3.93,,8.93,basic,basic,basic,370.575,5.928,5.47,6.48,0,0,red,green,yellow
13,381693,2.5,%,neutral,-0.89,7.82,-0.78,acidic,neutral,neutral,180.164,-0.527,-0.77,72.68,1,3,green,green,green
14,5467,4.9,%,neutral,-2.54,,,neutral,neutral,neutral,130.251,1.192,-2.54,0.0,0,0,green,green,green
15,364520,37.4,%,neutral,3.37,19.09,-0.88,neutral,neutral,neutral,288.424,2.861,3.37,37.3,1,2,yellow,green,yellow
16,19569,33.3,%,basic,4.85,13.2,9.02,basic,basic,basic,471.673,6.567,6.48,43.7,2,2,red,yellow,red
17,6012,33.6,%,acidic,-3.55,1.35,5.12,acidic,acidic,acidic,287.212,-0.261,-3.96,136.38,3,7,green,green,green
18,6968,28.5,%,basic,4.97,,8.76,basic,basic,basic,371.515,6.755,6.35,12.47,0,1,red,green,red
19,153330,0.7,%,acidic,1.32,6.9,2.43,acidic,acidic,neutral,314.362,1.853,1.81,89.49,2,3,green,green,green
20,5528,6.6,%,basic,-2.12,10.07,9.43,basic,basic,basic,272.364,1.036,-0.41,78.43,3,3,green,green,green
21,410802,30.8,%,neutral,1.33,8.98,5.99,neutral,neutral,neutral,474.576,1.933,1.35,113.42,1,6,green,yellow,green
22,11164,2.9,%,neutral,-0.94,,-4.47,neutral,neutral,neutral,332.329,2.874,-0.94,40.8,0,4,green,green,green
23,341382,-14.9,%,neutral,2.63,13.6,7.17,basic,neutral,neutral,427.537,2.257,1.53,74.27,2,4,green,yellow,yellow
24,27150,37.2,%,basic,0.86,13.89,9.05,basic,basic,basic,324.417,3.043,2.51,45.59,1,3,green,green,green
25,1370,12.8,%,basic,0.36,14.09,9.67,basic,basic,basic,259.343,2.885,2.58,41.49,2,2,green,green,green
26,27341,3.4,%,basic,-0.7,15.75,9.04,basic,basic,basic,235.325,1.408,0.95,58.36,2,1,green,green,green
27,77474,22.0,%,acidic,-0.92,3.53,,acidic,acidic,acidic,285.359,2.703,2.44,74.68,0,4,green,green,green
28,27370,9.6,%,neutral,1.27,12.58,-2.85,neutral,neutral,neutral,360.444,0.669,1.27,94.83,3,5,green,green,green
29,97,36.1,%,neutral,1.43,,7.24,basic,neutral,neutral,383.401,1.494,1.65,106.95,1,6,green,green,green
30,19737,5.6,%,acidic,2.74,5.96,5.36,acidic,acidic,acidic,356.439,3.68,2.9,68.29,1,4,green,green,yellow
31,8543,24.5,%,basic,-0.53,14.09,9.67,basic,basic,basic,248.321,1.902,1.69,57.28,3,2,green,green,green
32,270645,-16.8,%,basic,0.24,14.44,10.46,basic,basic,basic,272.385,2.263,1.86,32.34,1,1,green,green,green
33,921,20.2,%,neutral,2.14,9.47,-9.05,neutral,neutral,neutral,252.268,1.813,2.15,58.2,2,2,green,green,yellow
34,251346,12.3,%,neutral,3.08,,-3.14,neutral,neutral,neutral,163.239,3.191,3.08,12.36,0,1,yellow,green,yellow
35,12417,17.0,%,acidic,2.26,7.03,-1.0,acidic,acidic,neutral,308.374,3.333,4.14,40.62,0,2,yellow,green,yellow
36,2217,7.3,%,neutral,1.33,8.14,,neutral,neutral,neutral,232.235,1.143,1.41,75.27,2,3,green,green,green
37,282509,-2.3,%,basic,-3.73,,11.97,basic,basic,basic,205.26,0.468,0.83,97.78,5,0,green,green,green
38,16498,-0.9,%,neutral,1.41,14.98,-4.24,neutral,neutral,neutral,179.216,1.904,1.41,38.33,1,2,green,green,green
39,465305,36.2,%,neutral,-5.2,10.01,-3.14,neutral,neutral,neutral,774.841,-1.69,-5.2,291.62,11,11,green,red,green
40,1615,40.9,%,acidic,-2.29,3.53,-2.76,acidic,acidic,acidic,334.39,2.291,1.08,86.71,1,4,green,green,green
41,6643,12.7,%,basic,0.83,,9.77,basic,basic,basic,329.365,3.006,3.15,39.72,1,3,yellow,green,green
42,419598,23.4,%,neutral,2.17,9.15,3.55,neutral,neutral,neutral,383.37,3.254,2.18,92.32,1,6,green,green,yellow
43,4011,23.7,%,acidic,-3.6,2.7,4.24,acidic,acidic,acidic,194.187,-0.484,-1.05,92.42,2,3,green,green,green
44,3183,-3.6,%,neutral,2.11,15.39,7.34,basic,neutral,neutral,293.363,2.482,2.35,39.82,0,2,green,green,yellow
45,419601,29.5,%,neutral,2.43,9.29,4.77,neutral,neutral,neutral,345.416,2.672,2.43,83.09,1,5,green,green,yellow
46,146,24.5,%,acidic,-0.28,5.45,6.2,zwitterionic,acidic,acidic,361.368,-0.394,0.65,75.01,0,4,green,green,green
47,485080,-3.2,%,neutral,3.7,18.91,-4.83,neutral,neutral,neutral,218.335,3.865,3.7,17.07,0,1,yellow,green,yellow
48,1362567,21.0,%,neutral,-1.65,12.63,4.49,neutral,neutral,neutral,339.451,1.694,-1.65,42.35,1,3,green,green,green
49,113974,-2.3,%,neutral,-3.19,,,neutral,neutral,neutral,94.134,-1.008,-3.19,3.88,0,0,green,green,green
50,16592,-1.5,%,acidic,-0.23,5.62,-2.77,acidic,acidic,acidic,238.157,0.975,-0.22,118.05,1,6,green,green,green
51,115,11.0,%,basic,-0.31,,8.86,basic,basic,basic,162.232,1.11,1.16,16.13,0,1,green,green,green
52,466122,37.7,%,neutral,-0.18,8.58,-3.61,neutral,neutral,neutral,580.535,1.682,-0.16,225.06,8,14,green,red,green
53,5170,-57.2,%,neutral,2.7,7.86,-4.95,acidic,neutral,neutral,272.253,2.815,2.84,86.99,3,5,green,green,yellow
54,139099,-3.3,%,neutral,1.43,14.73,6.02,neutral,neutral,neutral,268.739,1.698,1.45,41.57,1,2,green,green,green
55,27611,6.7,%,neutral,3.92,,6.57,basic,neutral,neutral,325.767,3.27,3.33,30.18,0,2,yellow,green,yellow
56,789,19.8,%,basic,-0.47,14.09,9.67,basic,basic,basic,267.364,1.712,1.76,50.72,2,3,green,green,green
57,1063,8.9,%,neutral,1.78,,-2.93,neutral,neutral,neutral,216.19,1.494,1.78,52.58,0,4,green,green,green
58,49931,17.2,%,acidic,-6.56,3.26,1.8,acidic,acidic,acidic,454.439,-0.619,-0.51,210.54,3,9,green,yellow,green
59,369464,19.6,%,basic,-5.62,,12.33,basic,basic,basic,129.164,-0.946,-0.92,88.99,4,0,green,green,green
60,66016,-0.6,%,neutral,1.67,11.18,-8.14,neutral,neutral,neutral,218.252,1.528,1.67,49.41,1,2,green,green,green
61,110803,45.0,%,neutral,4.55,,4.33,neutral,neutral,neutral,382.883,4.064,4.55,42.43,0,3,yellow,green,red
62,62259,32.4,%,basic,2.77,13.96,9.41,basic,basic,basic,477.038,4.364,4.77,43.78,1,2,yellow,yellow,yellow
63,230659,9.0,%,zwitterionic,-3.18,3.17,10.21,zwitterionic,zwitterionic,zwitterionic,405.488,-0.016,-3.41,132.96,2,5,green,yellow,green
64,5975,23.3,%,neutral,3.03,9.35,4.16,neutral,neutral,neutral,369.361,2.985,3.03,73.86,1,4,yellow,green,yellow
65,38727,14.5,%,neutral,1.91,14.98,5.87,neutral,neutral,neutral,256.091,2.342,1.93,90.71,2,3,green,green,green
66,486789,7.7,%,neutral,2.0,19.45,-3.35,neutral,neutral,neutral,371.387,4.095,2.0,103.55,1,7,green,green,green
67,4941,18.7,%,neutral,-0.69,13.61,3.35,neutral,neutral,neutral,137.139,-1.077,-0.69,68.01,2,2,green,green,green
68,5985,26.9,%,basic,0.72,11.71,9.47,basic,basic,basic,586.678,3.586,2.78,114.2,1,7,green,red,green
69,605,-2.4,%,basic,2.48,,9.2,basic,basic,basic,280.407,3.953,4.28,6.48,0,0,yellow,green,yellow
70,11674,-6.6,%,acidic,1.34,4.85,,acidic,acidic,acidic,206.281,3.501,3.84,37.3,0,2,yellow,green,green
71,712451,-4.2,%,basic,-10.57,11.41,9.83,basic,basic,basic,527.52,-4.391,-6.55,272.06,11,13,green,red,green
72,125940,9.6,%,zwitterionic,-3.74,3.61,8.13,zwitterionic,zwitterionic,acidic,172.182,-2.214,-4.12,83.63,1,3,green,green,green
73,139286,25.2,%,acidic,0.49,4.32,0.06,acidic,acidic,acidic,445.535,2.172,1.43,130.15,3,6,green,yellow,green
74,2046,22.3,%,acidic,-1.25,4.25,-1.52,acidic,acidic,acidic,330.744,2.03,1.75,122.63,2,5,green,green,green
75,430012,0.7,%,neutral,0.09,8.27,-0.26,neutral,neutral,neutral,260.249,0.517,0.14,85.82,1,4,green,green,green
76,54722,29.2,%,basic,1.05,,9.16,basic,basic,basic,318.335,2.667,2.8,56.84,1,3,green,green,green
77,65402,13.5,%,basic,3.43,15.59,8.43,basic,basic,basic,434.518,4.793,4.5,26.71,1,1,yellow,yellow,yellow
78,2223,14.3,%,basic,1.83,,9.8,basic,basic,basic,309.326,4.202,4.17,21.26,1,1,yellow,green,green
79,13758,7.5,%,neutral,0.56,12.71,2.56,neutral,neutral,neutral,306.271,0.019,0.56,81.65,1,5,green,green,green
80,81683,6.0,%,zwitterionic,2.93,4.04,9.01,zwitterionic,zwitterionic,zwitterionic,501.656,4.732,0.85,81.0,2,4,green,red,yellow
81,19915,22.6,%,basic,2.43,,8.77,basic,basic,basic,336.471,3.977,3.82,23.55,0,1,yellow,green,yellow
82,28331,-10.8,%,neutral,5.28,,-4.93,neutral,neutral,neutral,360.831,5.3,5.28,52.6,0,4,red,green,red
83,418483,20.4,%,basic,3.26,,10.07,basic,basic,basic,315.451,4.994,5.83,12.03,1,0,red,green,yellow
84,405365,18.4,%,neutral,3.44,19.46,-6.64,neutral,neutral,neutral,384.254,4.146,3.44,64.63,1,4,yellow,green,yellow
85,68607,8.5,%,neutral,1.16,9.33,-3.69,neutral,neutral,neutral,588.557,0.882,1.16,160.83,3,13,green,red,green
86,16847,4.1,%,acidic,-1.06,3.67,5.2,acidic,acidic,acidic,376.447,1.64,0.56,95.94,1,5,green,green,green
87,74911,17.1,%,neutral,-0.9,14.29,-3.11,neutral,neutral,neutral,247.247,-0.769,-0.9,90.37,2,4,green,green,green
88,421034,2.8,%,basic,2.76,17.11,8.37,basic,basic,basic,382.519,3.658,3.77,53.17,1,2,yellow,green,yellow
89,374719,18.2,%,neutral,4.46,12.52,-1.49,neutral,neutral,neutral,315.675,4.332,4.46,38.33,1,2,yellow,green,red
90,78759,26.6,%,basic,0.1,8.0,9.93,basic,basic,basic,543.519,0.435,0.86,206.07,6,11,green,red,green
91,33373,-17.3,%,neutral,1.91,12.67,7.24,basic,neutral,neutral,451.475,1.463,2.14,112.27,1,7,green,yellow,green
92,5638,19.9,%,basic,-1.05,10.15,8.99,basic,basic,basic,441.565,3.197,0.24,104.81,2,5,green,yellow,green
93,94571,-3.8,%,neutral,4.16,,,neutral,neutral,neutral,296.539,3.46,4.16,6.48,0,0,yellow,green,red
94,11143,8.6,%,basic,0.57,16.19,10.42,basic,basic,basic,339.474,3.188,3.47,59.22,1,2,yellow,green,green
95,1278,4.1,%,basic,1.89,12.86,8.18,basic,basic,neutral,414.518,3.101,2.73,59.08,0,4,green,yellow,green
96,581814,-4.7,%,acidic,1.92,7.15,-2.98,acidic,acidic,neutral,780.938,3.169,2.37,203.06,6,14,green,red,green
97,77456,-21.9,%,basic,1.08,,9.85,basic,basic,basic,271.397,3.317,3.49,12.47,0,1,yellow,green,green
98,365281,34.2,%,neutral,1.68,12.42,-3.33,neutral,neutral,neutral,392.461,0.978,1.68,94.83,3,5,green,green,green
99,6243,3.2,%,basic,1.37,,10.02,basic,basic,basic,266.381,3.43,3.9,15.27,1,0,yellow,green,green
100,3281,0.7,%,acidic,1.77,6.48,-5.34,acidic,acidic,neutral,254.237,2.948,2.73,70.67,2,4,green,green,green
101,1256,38.2,%,neutral,1.78,,-6.94,neutral,neutral,neutral,146.143,1.676,1.78,30.21,0,2,green,green,green
102,14440,-3.9,%,neutral,1.46,15.06,-1.16,neutral,neutral,neutral,399.437,1.919,1.46,83.09,1,6,green,green,green
103,13494,-120.4,%,neutral,5.79,,6.62,basic,neutral,neutral,344.837,4.444,5.84,17.82,0,1,red,green,red
104,1620,24.8,%,neutral,-0.22,14.16,6.53,basic,neutral,neutral,252.339,0.09,-0.11,88.89,3,3,green,green,green
105,343964,40.8,%,acidic,-0.35,4.48,-0.16,acidic,acidic,acidic,408.571,1.016,2.48,97.99,3,5,green,yellow,green
106,315123,-1.0,%,neutral,1.93,9.39,-2.17,neutral,neutral,neutral,169.565,1.57,1.94,46.0,1,2,green,green,green
107,80209,-6.9,%,basic,2.73,,9.76,basic,basic,basic,315.86,5.29,5.07,3.24,0,0,red,green,yellow
108,6216,22.8,%,basic,2.74,,9.2,basic,basic,basic,318.864,4.869,4.54,6.48,0,0,yellow,green,yellow
109,6579,-7.2,%,basic,0.88,,10.32,basic,basic,basic,319.872,4.534,3.93,28.16,1,1,yellow,green,green
110,11199,24.9,%,neutral,-0.88,,-4.39,neutral,neutral,neutral,348.372,2.502,-0.88,40.8,0,4,green,green,green
112,18694,22.3,%,neutral,4.01,10.7,-0.42,neutral,neutral,neutral,381.372,3.626,4.01,77.46,1,3,yellow,green,red
113,180228,16.5,%,acidic,-3.39,3.32,-1.73,acidic,acidic,acidic,462.503,0.43,0.03,150.54,2,8,green,yellow,green
114,485902,21.0,%,zwitterionic,-2.7,3.45,7.43,zwitterionic,zwitterionic,acidic,363.388,-0.252,-3.84,132.96,3,5,green,green,green
115,283927,-9.3,%,acidic,-4.12,4.2,-3.57,acidic,acidic,acidic,161.199,-3.24,-4.89,60.36,1,3,green,green,green
116,15086,23.2,%,neutral,2.77,15.96,-3.75,neutral,neutral,neutral,236.269,2.768,2.77,46.33,1,1,green,green,yellow
117,444750,4.0,%,acidic,-2.42,4.02,-1.26,acidic,acidic,acidic,217.285,-0.163,0.73,57.61,0,3,green,green,green
118,16485,22.1,%,neutral,-0.55,,-0.92,neutral,neutral,neutral,194.191,-0.536,-0.55,61.82,0,3,green,green,green
119,3599,-5.6,%,basic,1.35,,7.62,basic,basic,neutral,385.503,1.749,1.78,69.64,0,4,green,green,green
120,77128,7.2,%,basic,2.39,18.29,8.22,basic,basic,neutral,239.741,2.914,3.27,29.1,1,1,yellow,green,yellow
121,64396,23.8,%,basic,1.16,13.06,9.24,basic,basic,basic,261.359,3.025,2.99,45.4,2,2,green,green,green
122,40702,31.8,%,zwitterionic,-1.14,3.73,8.35,zwitterionic,zwitterionic,zwitterionic,308.373,0.458,-1.86,112.65,3,4,green,green,green
123,66831,19.4,%,neutral,-1.28,,-4.38,neutral,neutral,neutral,336.361,2.111,-1.28,40.8,0,4,green,green,green
124,27342,31.6,%,basic,1.46,,9.8,basic,basic,basic,255.355,3.666,3.81,21.26,1,1,yellow,green,green
125,1279,7.1,%,basic,-1.8,14.08,9.67,basic,basic,basic,266.336,0.775,0.43,84.58,3,3,green,green,green
126,29097,28.2,%,basic,2.24,9.12,10.23,basic,basic,basic,355.861,4.501,3.74,48.39,2,2,yellow,green,yellow
127,27072,22.0,%,basic,2.48,,9.76,basic,basic,basic,277.403,4.874,4.81,3.24,0,0,yellow,green,yellow
128,27647,10.0,%,basic,-1.38,,10.71,basic,basic,basic,151.249,1.378,1.47,26.02,1,0,green,green,green
129,395607,10.8,%,neutral,-1.89,8.35,-0.26,neutral,neutral,neutral,136.111,0.307,-1.76,74.43,2,3,green,green,green
130,365538,-2.0,%,neutral,-1.55,10.16,1.85,neutral,neutral,neutral,225.205,-1.47,-1.55,119.05,3,5,green,green,green
131,448986,17.7,%,neutral,-7.77,11.23,7.03,basic,neutral,neutral,645.605,-3.051,-7.61,321.17,14,18,green,red,green
132,112861,10.8,%,neutral,-1.54,,,neutral,neutral,neutral,170.23,0.828,-1.54,3.88,0,0,green,green,green
133,142808,59.8,%,basic,1.14,10.85,8.66,basic,basic,basic,824.958,3.479,3.13,171.17,3,10,yellow,red,green
134,139045,33.7,%,acidic,2.05,4.0,-0.56,acidic,acidic,acidic,435.519,4.215,5.27,112.07,1,6,red,yellow,yellow
135,15217,9.6,%,acidic,0.56,5.14,,acidic,acidic,acidic,144.211,2.244,2.8,37.3,0,2,green,green,green
136,373985,29.5,%,acidic,-3.7,2.84,6.24,zwitterionic,acidic,acidic,444.435,-0.003,-3.65,181.62,6,8,green,yellow,green
137,328201,-34.2,%,neutral,3.64,18.01,-4.88,neutral,neutral,neutral,416.573,2.261,3.64,60.44,0,4,yellow,yellow,yellow
138,138562,29.3,%,neutral,4.46,14.91,-2.84,neutral,neutral,neutral,418.566,5.163,4.46,72.83,1,5,yellow,yellow,red
139,17169,6.6,%,basic,2.05,13.61,8.47,basic,basic,basic,670.841,3.622,3.16,166.75,5,6,yellow,red,yellow
140,20027,-32.1,%,acidic,2.21,5.62,6.53,zwitterionic,acidic,acidic,357.427,2.814,2.0,71.53,1,4,green,green,yellow
141,371643,-1.3,%,basic,0.86,13.89,9.05,basic,basic,basic,324.417,3.043,2.51,45.59,1,3,green,green,green
142,12825,33.4,%,neutral,4.15,18.92,-4.82,neutral,neutral,neutral,314.462,3.531,4.15,34.14,0,2,yellow,green,red
143,178796,5.4,%,acidic,-1.38,4.21,-2.72,acidic,acidic,acidic,424.528,2.415,1.65,124.29,3,7,green,yellow,green
144,11968,23.5,%,acidic,-1.52,2.27,1.01,acidic,acidic,acidic,331.346,1.593,0.59,99.6,2,5,green,green,green
145,372805,20.5,%,acidic,-3.2,7.18,-2.85,acidic,acidic,neutral,584.652,-0.593,-2.78,206.6,8,12,green,red,green
146,674643,37.0,%,acidic,3.24,4.27,3.89,acidic,acidic,acidic,558.585,3.34,4.54,162.16,2,10,yellow,red,yellow
147,9951,-0.5,%,neutral,-0.17,13.75,3.62,neutral,neutral,neutral,136.151,-0.203,-0.17,41.99,1,2,green,green,green
148,419596,-21.0,%,neutral,1.82,19.44,-6.63,neutral,neutral,neutral,346.335,2.851,1.82,107.77,1,6,green,green,green
149,407549,10.1,%,basic,2.71,19.47,8.18,basic,basic,neutral,479.525,4.703,3.56,111.01,1,6,yellow,yellow,yellow
150,4504,67.9,%,basic,-1.09,8.21,9.22,basic,basic,basic,444.481,-0.355,1.17,163.18,8,6,green,yellow,green
151,9495,21.3,%,neutral,3.9,14.91,-2.84,neutral,neutral,neutral,404.54,4.449,3.9,72.83,1,5,yellow,yellow,yellow
152,469690,11.4,%,zwitterionic,3.44,0.27,9.43,zwitterionic,zwitterionic,zwitterionic,776.87,2.249,3.59,92.78,2,4,yellow,red,yellow
153,72036,24.7,%,neutral,4.13,,6.75,basic,neutral,neutral,531.431,3.554,4.19,69.06,0,5,yellow,red,red
154,27986,-2.3,%,neutral,7.31,,3.92,neutral,neutral,neutral,705.633,6.243,7.31,104.18,0,7,red,red,red
155,173,48.6,%,acidic,0.27,3.8,-2.27,acidic,acidic,acidic,357.788,4.005,3.53,68.53,0,4,yellow,green,green
156,17170,18.1,%,neutral,2.52,13.19,7.37,basic,neutral,neutral,613.789,3.185,2.81,118.03,4,5,green,red,yellow
157,240123,67.0,%,basic,4.14,11.16,7.87,basic,basic,neutral,452.551,4.564,4.75,73.07,2,3,yellow,yellow,red
158,442313,29.0,%,acidic,-1.9,3.77,-0.14,acidic,acidic,acidic,465.623,0.228,1.38,127.09,4,6,green,yellow,green
159,2994,14.4,%,acidic,1.51,4.42,-4.84,acidic,acidic,acidic,250.333,3.488,4.39,46.53,0,3,yellow,green,green
160,52087,9.0,%,neutral,3.27,12.81,-3.72,neutral,neutral,neutral,276.212,3.418,3.27,72.24,1,3,yellow,green,yellow
161,175106,1.5,%,neutral,4.56,9.48,-3.04,neutral,neutral,neutral,409.425,4.611,4.56,60.77,2,3,yellow,yellow,red
162,485955,10.1,%,acidic,1.46,-1.75,-7.48,acidic,acidic,acidic,350.429,2.047,3.83,80.67,1,5,yellow,green,green
163,12506,45.8,%,basic,1.57,12.44,8.38,basic,basic,basic,733.927,3.49,2.6,193.91,5,13,green,red,green
164,14785,27.5,%,neutral,3.2,16.14,4.59,neutral,neutral,neutral,393.436,2.809,3.2,74.73,1,6,yellow,green,yellow
165,29890,27.3,%,acidic,1.1,4.0,-2.08,acidic,acidic,acidic,296.149,3.998,4.26,49.33,1,2,yellow,green,green
166,44396,-21.1,%,acidic,1.93,7.11,-3.05,acidic,acidic,neutral,268.221,3.572,2.4,83.81,2,5,green,green,green
167,116848,28.6,%,acidic,-0.3,3.44,1.76,acidic,acidic,acidic,440.454,5.023,4.41,118.81,1,7,yellow,yellow,green
168,444917,20.9,%,acidic,-2.98,2.62,-3.69,acidic,acidic,acidic,446.361,1.154,0.76,187.12,5,11,green,yellow,green
169,65605,24.4,%,basic,3.97,,8.75,basic,basic,basic,458.57,5.422,5.39,42.32,1,2,red,yellow,yellow
170,17347,16.3,%,neutral,2.43,13.61,2.39,neutral,neutral,neutral,505.627,3.776,2.43,131.19,3,6,green,red,yellow
171,27626,39.3,%,neutral,3.74,10.33,-0.88,neutral,neutral,neutral,272.382,3.062,3.75,40.46,2,2,yellow,green,yellow
172,71516,54.3,%,basic,1.81,10.87,8.86,basic,basic,basic,810.974,4.715,4.18,154.1,3,9,yellow,red,green
173,315942,82.4,%,acidic,-0.23,-0.8,-0.32,acidic,acidic,acidic,499.704,1.86,0.81,123.93,4,6,green,yellow,green
174,365189,101.7,%,zwitterionic,2.76,6.9,7.53,zwitterionic,zwitterionic,neutral,822.94,2.983,2.72,220.15,6,13,green,red,yellow
175,43952,25.4,%,neutral,3.28,16.29,7.3,basic,neutral,neutral,608.679,3.408,3.53,117.78,1,9,yellow,red,yellow
176,248669,83.2,%,acidic,1.95,3.68,4.82,acidic,acidic,acidic,452.586,5.63,3.92,78.87,1,4,yellow,yellow,green
177,3666,21.6,%,acidic,1.0,6.38,-3.99,acidic,acidic,acidic,302.236,1.84,2.16,131.36,5,7,green,green,green
178,631325,93.9,%,neutral,4.74,11.78,-2.28,neutral,neutral,neutral,1214.622,4.792,4.74,275.64,4,12,yellow,red,red
179,8062,62.1,%,neutral,3.54,10.36,-1.18,neutral,neutral,neutral,853.906,4.964,3.54,221.29,4,14,yellow,red,yellow
180,381643,74.9,%,zwitterionic,-1.94,3.61,9.11,zwitterionic,zwitterionic,zwitterionic,926.095,3.723,-4.21,319.61,11,17,green,red,green
181,641194,59.3,%,basic,4.09,9.32,8.18,basic,basic,neutral,567.782,4.883,4.72,101.9,4,4,yellow,red,red
182,26465,61.4,%,neutral,4.48,,7.09,basic,neutral,neutral,470.007,4.611,4.65,55.53,0,3,yellow,yellow,red
183,451889,24.2,%,neutral,2.94,11.2,-3.68,neutral,neutral,neutral,469.573,3.706,2.94,100.73,2,5,green,yellow,yellow
184,674584,55.2,%,neutral,5.83,12.47,-3.45,neutral,neutral,neutral,1736.159,12.846,5.83,340.12,6,28,red,red,red
185,349663,90.9,%,acidic,-6.57,2.96,-3.73,acidic,acidic,acidic,822.932,3.042,3.13,267.04,5,16,yellow,red,green
186,5582,49.3,%,acidic,2.85,4.32,-1.36,acidic,acidic,acidic,494.004,4.24,3.79,113.6,3,5,yellow,yellow,yellow
187,391374,37.4,%,basic,5.82,8.51,8.12,basic,basic,neutral,563.643,5.029,6.81,92.89,2,5,red,red,red
188,2658,-5.0,%,acidic,2.12,6.55,-5.35,acidic,acidic,neutral,270.237,2.543,3.08,90.9,3,5,yellow,green,yellow
189,1078490,69.0,%,acidic,-1.04,3.63,-3.69,acidic,acidic,acidic,448.506,2.388,2.29,136.68,4,8,green,yellow,green
190,860,31.1,%,neutral,5.19,9.13,-5.96,neutral,neutral,neutral,268.35,5.393,5.19,40.46,2,2,red,green,red
191,721,9.3,%,neutral,3.08,,2.92,neutral,neutral,neutral,284.74,2.662,3.08,32.67,0,2,yellow,green,yellow
192,72873,103.7,%,neutral,3.64,11.83,-2.39,neutral,neutral,neutral,1202.611,4.719,3.64,278.8,5,12,yellow,red,yellow
193,570147,53.8,%,basic,2.22,12.46,8.38,basic,basic,basic,747.953,3.927,3.24,182.91,4,13,yellow,red,yellow
194,403465,68.1,%,acidic,1.15,4.05,5.58,acidic,acidic,acidic,459.55,3.514,2.58,99.88,2,6,green,yellow,green
195,313314,79.0,%,neutral,2.73,13.74,-2.85,neutral,neutral,neutral,430.534,1.988,2.73,93.06,2,6,green,yellow,yellow
196,374182,19.5,%,acidic,3.69,5.11,-2.98,acidic,acidic,acidic,424.083,5.349,5.55,50.44,1,3,red,yellow,yellow
197,486422,71.1,%,acidic,0.11,3.83,-3.74,acidic,acidic,acidic,460.389,3.645,3.36,125.43,0,9,yellow,yellow,green
198,372438,109.0,%,acidic,3.45,4.43,-3.31,acidic,acidic,acidic,602.664,7.161,7.14,105.59,2,6,red,red,yellow
199,116949,91.5,%,acidic,5.02,3.65,6.13,zwitterionic,acidic,acidic,514.617,6.93,5.29,72.94,0,4,red,red,red
200,1362501,89.8,%,acidic,1.08,-0.63,-1.11,acidic,acidic,acidic,482.696,2.451,2.19,106.53,2,5,green,yellow,green
201,442373,61.4,%,acidic,-0.15,-0.75,-0.2,acidic,acidic,acidic,499.704,1.545,0.85,123.93,4,6,green,yellow,green
202,374000,95.5,%,acidic,-1.46,-0.88,-0.05,acidic,acidic,acidic,515.703,0.358,-0.53,144.16,5,7,green,red,green
203,1223,72.1,%,acidic,0.25,3.3,2.4,acidic,acidic,acidic,398.393,3.907,3.94,141.31,2,8,yellow,green,green
204,418845,55.4,%,acidic,-1.24,4.0,-2.84,acidic,acidic,acidic,481.538,2.587,1.92,140.92,2,8,green,yellow,green
205,88100,85.1,%,neutral,5.22,13.68,2.84,neutral,neutral,neutral,720.944,6.732,5.22,145.78,4,7,red,red,red
206,398458,101.4,%,acidic,3.68,7.09,-1.08,acidic,acidic,neutral,697.769,3.256,4.17,201.31,6,12,yellow,red,yellow
207,675704,94.3,%,acidic,0.89,4.13,4.86,acidic,acidic,acidic,421.461,3.808,2.91,90.65,2,5,green,yellow,green
208,699472,84.2,%,acidic,1.36,5.51,-3.93,acidic,acidic,acidic,612.624,4.567,3.26,200.01,5,11,yellow,red,green
209,42426,78.5,%,acidic,0.92,6.37,-4.06,acidic,acidic,acidic,302.236,1.897,2.16,131.36,5,7,green,green,green
210,15090,80.7,%,acidic,2.91,4.26,3.11,acidic,acidic,acidic,515.087,5.106,5.67,70.5,0,4,red,red,yellow
211,712273,80.3,%,neutral,5.13,12.87,4.89,neutral,neutral,neutral,429.594,4.269,5.13,40.54,1,2,red,yellow,red
212,37316,84.6,%,neutral,4.69,13.39,-1.53,neutral,neutral,neutral,628.801,5.595,4.69,120.0,4,5,yellow,red,red
213,675255,100.1,%,acidic,4.91,-0.94,2.66,acidic,acidic,acidic,752.981,7.256,5.73,117.82,1,6,red,red,red
214,442285,79.0,%,acidic,-0.59,3.77,-0.32,acidic,acidic,acidic,449.623,1.416,2.69,106.86,3,5,green,yellow,green
215,1362500,72.0,%,acidic,-0.67,3.77,-0.49,acidic,acidic,acidic,448.615,0.274,2.61,109.69,3,5,green,yellow,green
216,140116,76.0,%,acidic,1.06,4.56,-2.84,acidic,acidic,acidic,411.466,3.885,3.83,82.69,2,4,yellow,yellow,green
217,455239,88.5,%,acidic,-10.42,3.04,2.27,acidic,acidic,acidic,769.535,4.665,4.75,224.58,1,13,yellow,red,green
218,86042,91.8,%,neutral,1.81,14.97,3.54,neutral,neutral,neutral,504.626,1.582,1.81,145.44,4,8,green,red,green
219,164064,96.9,%,zwitterionic,-9.27,-2.04,8.23,zwitterionic,zwitterionic,acidic,1143.269,-0.715,-6.45,426.8,11,16,green,red,green
220,454073,74.9,%,acidic,2.34,-3.44,-6.49,acidic,acidic,acidic,837.997,3.504,7.09,181.16,2,10,red,red,yellow
221,417180,74.4,%,acidic,2.44,4.33,-2.74,acidic,acidic,acidic,558.64,5.699,5.39,111.79,3,5,red,red,yellow
222,188196,92.6,%,neutral,4.54,11.92,4.42,neutral,neutral,neutral,704.855,4.502,4.54,171.22,5,8,yellow,red,red
