INDEX,SMILES,ID,STATE_50,VAL,logD,MW,XLOGP,CLOGP,TPSA,HBD,HBA,LOGP_COLOR,MW_COLOR,LOGD_COLOR
0,c1nc2c(nc(nc2n1[C@@H]3C[C@@H](C=C3)CO)N)NC4CC4,136470-78-5,neutral,13.0,0.39,286.332,1.503,0.39,101.88,3,4,green,green,green
1,CN(C)Cc1c2ccccc2oc1C(=O)NCCOc3ccc(cc3)C(=O)NO,783355-60-2,basic,14.2,0.41,397.424,1.86,1.37,104.04,3,5,green,green,green
2,CCCC(=O)Nc1ccc(c(c1)C(=O)C)OCC(CNC(C)C)O,37517-30-9,basic,10.0,-0.6,336.426,2.027,1.53,87.66,3,4,green,green,green
3,CC(=O)C[C@H](c1ccc(cc1)[N+](=O)[O-])c2c(c3ccccc3oc2=O)O,152-72-7,acidic,1.28,0.49,353.325,3.585,2.68,110.65,1,6,green,green,green
4,CC(=O)Nc1ccc(cc1)O,103-90-2,neutral,5.0,0.9,151.163,0.814,0.91,49.33,2,2,green,green,green
5,CC[C@@H](C(C[C@H](C)N(C)C)(c1ccccc1)c2ccccc2)OC(=O)C,1477-40-3,basic,5.4,2.45,353.498,4.678,4.88,29.54,0,2,yellow,green,yellow
6,CC(=O)Oc1ccccc1C(=O)O,50-78-2,acidic,12.0,-2.16,180.157,1.407,1.24,63.6,0,4,green,green,green
7,C1[C@H](ON=C1Cl)[C@@H](C(=O)O)N,42228-92-2,zwitterionic,0.69,-2.7,178.574,-2.718,-2.81,84.91,1,4,green,green,green
8,c1ccc(cc1)OCCC[N+]23CCC(CC2)[C@H](C3)OC(=O)C(c4cccs4)(c5cccs5)O,320345-99-1,neutral,48.5,0.46,484.651,4.383,0.45,55.76,1,4,green,yellow,green
9,CN(C)Cc1nnc2n1-c3ccc(cc3C(=NC2)c4ccccc4)Cl,37115-32-5,neutral,6.2,2.84,351.833,2.293,2.24,46.31,0,3,green,green,yellow
10,CCC(=O)N(c1ccccc1)C2(CCN(CC2)CCn3c(=O)n(nn3)CC)COC,71195-58-9,basic,3.9,2.45,416.517,2.367,2.81,85.49,0,5,green,yellow,yellow
11,CN(CCCNC(=O)C1CCCO1)c2nc3cc(c(cc3c(n2)N)OC)OC,81403-80-7,neutral,5.9,0.94,389.449,1.616,1.19,111.83,2,6,green,green,green
12,c1c2c([nH]n1)nc[nH]c2=O,315-30-0,neutral,11.0,-0.9,136.111,-0.208,-0.88,74.43,2,3,green,green,green
13,CNC(=O)C(c1ccccc1)N2CCc3cc(c(cc3[C@@H]2CCc4ccc(cc4)C(F)(F)F)OC)OC,871224-64-5,neutral,10.2,5.64,512.563,5.738,5.87,50.8,1,3,red,red,red
14,Cc1c(nc[nH]1)CN2CCc3c(c4ccccc4n3C)C2=O,122852-42-0,neutral,8.7,1.12,294.351,1.667,1.21,53.92,1,2,green,green,green
15,Cc1nnc2n1-c3ccc(cc3C(=NC2)c4ccccc4)Cl,28981-97-7,neutral,0.74,3.02,308.765,2.513,2.37,43.07,0,3,green,green,yellow
16,CC(C)NCC(COc1ccccc1CC=C)O,13655-52-2,basic,15.0,0.47,249.349,2.437,2.69,41.49,2,2,green,green,green
17,CCCCC[C@@H](/C=C/[C@H]1[C@@H](CC(=O)[C@@H]1CCCCCCC(=O)O)O)O,745-65-3,acidic,45.4,0.66,354.481,3.258,3.59,94.83,2,5,yellow,green,green
18,COc1cc(cn[n+]1c2ccccc2)N,41658-78-0,neutral,5.1,-1.82,202.232,-0.276,-1.82,52.24,1,2,green,green,green
19,C(CN)CNCCSP(=O)(O)O,20537-88-6,zwitterionic,30.65,-3.78,214.223,-1.905,-3.77,95.58,4,3,green,green,green
20,C(CC(=O)O)C(=O)CN,106-60-5,zwitterionic,1.88,-3.37,131.13,-1.959,-3.68,80.39,1,3,green,green,green
21,c1cc(c(cc1N)C(=O)O)O,89-57-6,acidic,9.3,-1.72,153.135,0.659,-0.49,83.55,2,3,green,green,green
22,CCCCc1c(c2ccccc2o1)C(=O)c3cc(c(c(c3)I)OCCN(CC)CC)I,1951-25-3,basic,1.9,6.53,645.312,7.553,7.64,42.68,0,3,red,red,red
23,CN(C)CCC=C1c2ccccc2CCc3c1cccc3,50-48-6,basic,6.1,2.48,277.403,4.874,4.81,3.24,0,0,yellow,green,yellow
24,CCOC(=O)C1=C(NC(=C(C1c2ccccc2Cl)C(=O)OC)C)COCCN,88150-42-9,basic,7.0,-0.37,408.876,1.719,1.64,99.88,2,5,green,yellow,green
25,CN(C)CCN1C(=O)c2cccc3c2c(cc(c3)N)C1=O,69408-81-7,basic,7.33,-0.05,283.325,1.266,1.1,66.64,1,2,green,green,green
26,C[C@@H](Cc1ccccc1)N,51-64-9,basic,9.7,-0.67,135.206,1.151,1.8,26.02,1,0,green,green,green
27,c1cnccc1c2cc(c(=O)[nH]c2)N,60719-84-8,neutral,8.9,-0.57,187.198,-0.267,-0.57,71.77,2,2,green,green,green
28,COc1cc(ccc1Nc2c3ccccc3nc4c2cccc4)NS(=O)(=O)C,51264-14-3,basic,4.3,2.16,393.459,4.428,3.16,80.32,2,4,yellow,green,yellow
29,Cc1cccc2c1nc3c(c2Nc4ccc(cc4OC)NS(=O)(=O)C)cccc3C(=O)NC,80841-47-0,neutral,2.6,2.5,464.537,3.772,2.75,109.42,3,5,green,yellow,yellow
30,CCCCCOc1ccc(cc1)c2ccc(cc2)c3ccc(cc3)C(=O)N[C@H]4C[C@H]([C@H](NC(=O)[C@@H]5[C@H]([C@H](CN5C(=O)[C@@H](NC(=O)C(NC(=O)[C@@H]6C[C@H](CN6C(=O)C(NC4=O)[C@@H](C)O)O)[C@@H]([C@H](c7ccc(cc7)O)O)O)[C@@H](C)O)C)O)O)O,166663-25-8,neutral,0.21,-1.46,1140.237,2.196,-1.46,377.42,14,17,green,red,green
31,Cc1cc(=O)n(n1C)c2ccccc2,60-80-0,neutral,0.64,1.22,188.226,1.568,1.22,26.41,0,1,green,green,green
32,CC1([C@@H](N2C(S1)[C@H](C2=O)NC(=O)[C@@H](c3ccccc3)NC(=O)c4cnc5cccnc5c4O)C(=O)O)C,63469-19-2,acidic,1.9,-1.87,521.545,3.366,1.37,161.82,3,8,green,red,green
33,CN1CCc2cccc-3c2[C@H]1Cc4c3c(c(cc4)O)O,58-00-4,basic,40.0,2.53,267.322,2.461,2.87,43.7,2,2,green,green,yellow
41,C[C@H](c1cc(cc(c1)C(F)(F)F)C(F)(F)F)O[C@@H]2[C@@H](N(CCO2)Cc3[nH]c(=O)[nH]n3)c4ccc(cc4)F,170729-80-3,neutral,1.0,5.15,534.427,5.543,5.22,83.24,2,4,red,red,red
42,C[C@@H]1CCN([C@H](C1)C(=O)O)C(=O)[C@H](CCCNC(=N)N)NS(=O)(=O)c2cccc3c2NCC(C3)C,74863-84-6,zwitterionic,5.0,-0.92,508.634,0.551,-4.06,177.71,5,5,green,red,green
43,c1cc(c(c(c1)Cl)Cl)N2CCN(CC2)CCCCOc3ccc4c(c3)NC(=O)CC4,129722-12-9,basic,0.83,4.57,448.385,5.036,4.9,44.81,1,2,yellow,yellow,red
44,C[C@@H]1CC[C@H]2[C@H]([C@@H](O[C@H]3[C@@]24[C@H]1CC[C@](O3)(OO4)C)OC(=O)CCC(=O)O)C,88495-63-0,acidic,1070.0,-0.17,384.421,1.119,3.1,100.52,0,8,yellow,green,green
45,C([C@@H]([C@@H]1C(=C(C(=O)O1)O)O)O)O,50-81-7,acidic,1.05,-4.83,176.124,-0.478,-1.91,107.22,4,6,green,green,green
46,CN1C[C@@H]2c3ccccc3Oc4ccc(cc4[C@H]2C1)Cl,65576-45-6,neutral,12.4,3.47,285.768,2.817,3.72,12.47,0,1,yellow,green,yellow
47,Cc1ccccc1O[C@H](CCNC)c2ccccc2,83015-26-3,basic,9.3,1.46,255.355,3.666,3.81,21.26,1,1,yellow,green,green
48,C[N+]1(CCc2cc(c(cc2C1Cc3ccc(c(c3)OC)OC)OC)OC)CCC(=O)OCCCCCOC(=O)CC[N+]4(CCc5cc(c(cc5C4Cc6ccc(c(c6)OC)OC)OC)OC)C,64228-79-1,neutral,5.7,-0.96,929.145,4.585,-0.96,126.44,0,12,green,red,green
49,Cc1ccc(nc1)S(=O)(=O)Nc2c(c(nc(n2)c3ccncc3)OC)Oc4ccccc4OC,290815-26-8,acidic,0.52,2.89,479.508,2.653,3.83,125.42,1,9,yellow,yellow,yellow
50,c1nc(nc(=O)n1[C@H]2[C@@H]([C@@H]([C@H](O2)CO)O)O)N,320-67-2,neutral,35.0,-3.07,244.205,-0.91,-3.07,143.72,4,7,green,green,green
51,CC(C)(C)NCC(c1cc(cc(c1)OC(=O)N(C)C)OC(=O)N(C)C)O,81732-65-2,basic,18.0,-0.7,367.44,0.904,1.4,91.34,2,5,green,green,green
52,CC(C)(C)[C@@H](C(=O)N1CCN(CC1)Cc2ccc3c(c2)OCO3)NC(=O)[C@H](CC4CCCC4)CN(C=O)O,325795-25-3,neutral,3.1,2.5,530.656,2.651,2.57,111.65,2,6,green,red,yellow
53,CCN(CC)CCN1C(=O)c2c3c4cccc(c4[nH]c3c5c(c2C1=O)c6cccc(c6n5[C@H]7[C@@H]([C@H]([C@@H]([C@H](O7)CO)OC)O)O)Cl)Cl,119673-08-4,basic,3.13,1.88,669.552,4.532,3.55,140.49,4,7,yellow,red,green
54,CCC(=O)OCC(=O)[C@]1([C@H](C[C@@H]2[C@@]1(C[C@@H]([C@]3([C@H]2CCC4=CC(=O)C=C[C@@]43C)Cl)O)C)C)OC(=O)CC,5534-09-8,neutral,36.0,4.43,521.042,3.084,4.43,106.97,1,7,yellow,red,red
55,c1ccc(cc1)NS(=O)(=O)c2cccc(c2)/C=C/C(=O)NO,414864-00-9,neutral,23.6,1.69,318.348,1.86,1.81,95.5,3,4,green,green,green
56,Cn1c2ccc(cc2nc1CCCC(=O)O)N(CCCl)CCCl,16506-27-7,acidic,4.49,0.95,358.263,2.451,1.54,58.36,0,3,green,green,green
57,c1ccc2c(c1)[nH]c(=O)n2C3CCN(CC3)CCCC(=O)c4ccc(cc4)F,2062-84-2,neutral,8.3,2.84,381.443,3.509,3.12,58.1,1,2,yellow,green,yellow
58,CC(C)COC[C@@H](CN(Cc1ccccc1)c2ccccc2)N3CCCC3,64706-54-3,basic,8.7,3.73,366.54,4.986,5.49,15.71,0,1,red,green,yellow
59,Cc1cccc(c1)OCC(CNCCc2ccc(c(c2)OC)OC)O,59170-23-9,basic,5.5,1.13,345.433,3.039,3.03,59.95,2,4,yellow,green,green
60,CC[C@@H]1C(=O)N(c2cnc(nc2N1C3CCCC3)Nc4ccc(cc4OC)C(=O)NC5CCN(CC5)C)C,755038-02-9,basic,17.33,1.87,521.654,2.869,3.06,102.93,2,5,yellow,red,green
61,c1ccc(cc1)C(CCN2CCCCC2)(C3CC4CC3C=C4)O,514-65-8,basic,12.0,1.64,311.461,4.458,3.54,23.47,1,1,yellow,green,green
62,c1ccc(cc1)C[C@@H]2CN(c3ccc(cc3CN2S(=O)(=O)c4cccs4)C#N)Cc5cnc[nH]5,195987-41-8,neutral,9.6,4.04,489.612,4.42,4.09,93.09,1,4,yellow,yellow,red
63,B([C@H](CC(C)C)NC(=O)[C@H](Cc1ccccc1)NC(=O)c2cnccn2)(O)O,179324-69-7,neutral,19.0,1.51,384.237,1.561,1.53,124.44,4,6,green,green,green
64,c1ccnc(c1)C2=NCC(=O)Nc3c2cc(cc3)Br,1812-30-2,neutral,0.51,2.54,316.153,1.982,2.54,54.35,1,3,green,green,yellow
65,c1cc(c(c(c1)C(=O)c2ccc(cc2)Br)N)CC(=O)O,91714-94-2,acidic,1.3,0.4,334.165,2.468,3.66,80.39,1,3,yellow,green,green
66,CCN(CC)CCNC(=O)c1cc(c(cc1OC)N)Br,4093-35-0,basic,13.0,-0.09,344.247,2.286,1.56,67.59,2,2,green,green,green
67,Cc1nnc2n1-c3c(cc(s3)Br)C(=NC2)c4ccccc4Cl,57801-81-7,neutral,2.0,3.9,393.689,3.252,2.68,43.07,0,3,green,green,yellow
68,CCCC1O[C@@H]2C[C@H]3[C@@H]4CCC5=CC(=O)C=C[C@@]5([C@H]4[C@H](C[C@@]3([C@@]2(O1)C(=O)CO)C)O)C,51333-22-3,neutral,20.0,2.73,430.534,1.988,2.73,93.06,2,6,green,yellow,yellow
69,COc1cc(c(c(c1)OC)C(=O)CCCN2CCCC2)OC,55837-25-7,basic,5.6,0.57,307.385,2.39,1.88,48.0,0,4,green,green,green
70,CCc1cccc2c1oc(c2)C(CNC(C)(C)C)O,54340-62-4,basic,8.9,1.16,261.359,3.025,2.99,45.4,2,2,green,green,green
71,CCCCN1CCCCC1C(=O)Nc2c(cccc2C)C,38396-39-3,basic,4.3,3.82,288.428,3.425,3.22,32.34,1,1,yellow,green,yellow
72,C[C@]([C@H]1C[C@@]23CC[C@@]1([C@H]4[C@@]25CCN([C@@H]3Cc6c5c(c(cc6)O)O4)CC7CC7)OC)(C(C)(C)C)O,52485-79-7,basic,19.0,1.61,467.64,3.747,3.54,62.16,2,4,yellow,yellow,green
73,CS(=O)(=O)OCCCCOS(=O)(=O)C,55-98-1,neutral,2.4,-0.76,246.302,0.173,-0.76,86.74,0,6,green,green,green
74,c1cc2c(cc1O)[C@@]34CCCC[C@]3([C@@H](C2)N(CC4)CC5CCC5)O,42408-82-2,basic,41.0,0.81,327.46,3.613,2.86,43.7,2,2,green,green,green
75,CC1=C2[C@H](C(=O)[C@@]3([C@H](C[C@@H]4[C@]([C@H]3[C@@H]([C@@](C2(C)C)(C[C@@H]1OC(=O)[C@@H]([C@H](c5ccccc5)NC(=O)OC(C)(C)C)O)O)OC(=O)c6ccccc6)(CO4)OC(=O)C)OC)C)OC,183133-96-2,neutral,11.0,4.2,835.932,5.664,4.2,202.45,3,14,yellow,red,red
76,Cn1cnc2c1c(=O)n(c(=O)n2C)C,58-08-2,neutral,1.4,-0.55,194.191,-0.536,-0.55,61.82,0,3,green,green,green
77,CC(C)C[C@@H](C(=O)[C@]1(CO1)C)NC(=O)[C@H](Cc2ccccc2)NC(=O)[C@H](CC(C)C)NC(=O)[C@H](CCc3ccccc3)NC(=O)CN4CCOCC4,868540-17-4,neutral,39.5,4.2,719.91,4.653,4.2,158.47,4,7,yellow,red,red
78,COc1ccccc1OCCNCC(COc2cccc3c2c4ccccc4[nH]3)O,72956-09-3,basic,7.8,2.07,406.474,3.757,3.42,75.74,3,4,yellow,yellow,yellow
79,CCN(CC)c1ccc2cc(oc2c1)C(=O)Nc3ccc4c(c3)cc([nH]4)C(=O)N5C[C@H](c6c5cc(c7c6c(c[nH]7)C)OC(=O)Nc8ccccc8)CCl,119813-10-4,neutral,2.9,7.43,729.223,8.244,7.43,135.7,4,5,red,red,red
80,CCC(C)CC(C)CCCCCCCCC(=O)NC1CC(C(NC(=O)C2C(CCN2C(=O)C(NC(=O)C(NC(=O)C3CC(CN3C(=O)C(NC1=O)C(C)O)O)C(C(c4ccc(cc4)O)O)O)C(CCN)O)O)NCCN)O,162808-62-0,basic,0.14,-7.54,1093.313,-3.575,-4.87,412.03,16,15,green,red,green
81,CN(C)N=Nc1ccc(cc1)C(=O)O,7203-91-0,acidic,1.3,-1.17,193.203,2.066,2.02,65.26,0,4,green,green,green
82,CCO/N=C(/c1nc(sn1)NP(=O)(O)O)\C(=O)N[C@H]2[C@@H]3N(C2=O)C(=C(CS3)Sc4nc(cs4)c5cc[n+](cc5)C)C(=O)[O-],229016-73-3,acidic,83.6,-6.83,684.685,-2.015,-3.73,223.24,4,12,green,red,green
83,CC(C)c1c(c(c(c(n1)C(C)C)/C=C/[C@H](C[C@H](CC(=O)O)O)O)c2ccc(cc2)F)COC,145599-86-6,acidic,2.9,1.15,459.55,3.514,2.58,99.88,2,6,green,yellow,green
84,c1cc(ccc1[C@H]([C@@H](CO)NC(=O)C(Cl)Cl)O)N(=O)=O,56-75-7,neutral,2.4,0.66,323.129,0.998,0.88,115.38,3,5,green,green,green
85,Cc1c(scn1)CCCl,533-45-9,neutral,33.0,1.77,161.652,2.367,1.77,12.89,0,1,green,green,green
86,CC(C)C(=O)OCC(=O)[C@]12[C@@H](C[C@H]3[C@@]1(C[C@@H]([C@H]4[C@H]3CCC5=CC(=O)C=C[C@]45C)O)C)O[C@@H](O2)C6CCCCC6,126544-47-6,neutral,33.3,5.32,540.688,4.509,5.32,99.13,1,7,red,red,red
87,COc1c(cc(cc1)[C@]2(CC[C@@H](CC2)C(=O)O)C#N)OC3CCCC3,153259-65-5,acidic,0.5,0.38,343.417,2.674,3.9,79.55,0,5,yellow,green,green
88,C[C@H](c1cccc2c1cccc2)NCCCc3cccc(c3)C(F)(F)F,226256-56-0,basic,18.3,3.53,357.412,6.424,6.27,12.03,1,0,red,green,yellow
89,COc1cc(c(cc1C(=O)N[C@H]2CC[N@@](C[C@H]2OC)CCCOc3ccc(cc3)F)Cl)N,81098-60-4,basic,1.5,1.59,465.945,3.723,2.49,86.05,2,4,green,yellow,green
90,CN(C)CCCC1(c2ccc(cc2CO1)C#N)c3ccc(cc3)F,59729-33-8,basic,4.3,1.41,324.392,3.85,3.76,36.26,0,2,yellow,green,green
91,CC(=O)O[C@@H]1[C@@H](Sc2cc(ccc2N(C1=O)CCN(C)C)Cl)c3ccc(cc3)OC,96125-53-0,basic,13.7,2.5,448.963,3.866,3.33,59.08,0,4,yellow,yellow,yellow
92,CCCC(=O)OCOC(=O)C1=C(NC(=C(C1c2cccc(c2Cl)Cl)C(=O)OC)C)C,167221-71-8,neutral,142.0,4.09,456.316,4.858,4.09,90.93,1,6,yellow,yellow,red
93,CCC[C@@H]1C[C@H](N(C1)C)C(=O)N[C@@H]([C@@H]2[C@@H]([C@@H]([C@H]([C@H](O2)SC)O)O)O)[C@H](C)Cl,18323-44-9,basic,4.5,0.65,424.983,1.953,1.04,102.26,4,5,green,yellow,green
94,CN(C)CCCN1c2ccccc2CCc3c1cc(cc3)Cl,303-49-1,basic,8.2,3.09,314.852,4.619,4.88,6.48,0,0,yellow,green,yellow
95,CN1CCN(CC1)C2=Nc3cc(ccc3Nc4c2cccc4)Cl,5786-21-0,basic,2.5,2.89,326.823,3.336,3.4,30.87,1,1,yellow,green,yellow
96,CN1[C@H]2CC[C@@H]1[C@H]([C@H](C2)OC(=O)c3ccccc3)C(=O)OC,50-36-2,basic,32.0,0.82,303.353,2.313,2.28,55.84,0,4,green,green,green
97,COc1ccc(cc1OP(=O)(O)O)/C=C\c2cc(c(c(c2)OC)OC)OC,222030-63-9,acidic,5.7,-0.51,396.328,2.838,2.72,103.68,2,8,green,green,green
98,CN1[C@@H](CCC1=O)c2cccnc2,486-56-6,neutral,0.89,0.21,176.215,0.23,0.21,33.2,0,2,green,green,green
99,c1ccc2c(c1)ccc(=O)o2,91-64-5,neutral,23.6,1.78,146.143,1.676,1.78,30.21,0,2,green,green,green
100,CC[C@H]1C(=O)N(CC(=O)N([C@H](C(=O)N[C@H](C(=O)N([C@H](C(=O)N[C@H](C(=O)N[C@@H](C(=O)N([C@@H](C(=O)N([C@H](C(=O)N([C@H](C(=O)N([C@H](C(=O)N1)[C@@H]([C@H](C)C/C=C/C)O)C)C(C)C)C)CC(C)C)C)CC(C)C)C)C)C)CC(C)C)C)C(C)C)CC(C)C)C)C,59865-13-3,neutral,7.5,3.64,1202.611,4.719,3.64,278.8,5,12,yellow,red,yellow
101,CCC[C@@H](c1cccnc1)Nc2c(cnc(n2)c3ccc(c(c3)OC)NC(=O)NCC)C,917111-44-5,neutral,22.2,4.34,434.534,4.032,4.35,101.06,3,5,yellow,yellow,red
102,c1cn(c(=O)nc1N)[C@H]2[C@H]([C@@H]([C@H](O2)CO)O)O,147-94-4,neutral,41.67,-2.8,243.217,-1.359,-2.8,130.83,4,6,green,green,green
103,c1cc(ccc1c2ccc(o2)/C=N/N3CC(=O)NC3=O)N(=O)=O,7261-97-4,neutral,0.43,1.25,314.253,2.475,1.26,120.73,1,6,green,green,green
104,CCOc1ccc(cc1)Cc2cc(ccc2Cl)C3[C@@H]([C@H]([C@@H]([C@H](O3)CO)O)O)O,461432-26-8,neutral,3.0,2.11,408.873,3.176,2.11,99.38,4,6,green,yellow,yellow
105,c1ccc(cc1)C(c2ccccc2)([C@@H]3CCN(C3)CCc4ccc5c(c4)CCO5)C(=O)N,133099-04-4,basic,12.0,1.9,426.55,3.885,4.54,55.56,1,2,yellow,yellow,green
106,CC(C)CN(C[C@H]([C@H](Cc1ccccc1)NC(=O)O[C@H]2CO[C@@H]3[C@H]2CCO3)O)S(=O)(=O)c4ccc(cc4)N,206361-99-1,neutral,7.81,2.82,547.664,3.664,2.82,140.42,3,7,green,red,yellow
107,c1nc(nc(=O)n1[C@H]2C[C@@H]([C@H](O2)CO)O)N,2353-33-5,neutral,130.0,-2.16,228.205,-0.249,-2.16,123.49,3,6,green,green,green
108,c1ccc(c(c1)c2nc(n(n2)c3ccc(cc3)C(=O)O)c4ccccc4O)O,201530-41-8,acidic,0.84,1.92,373.362,3.164,4.74,107.95,2,6,yellow,green,green
109,C[C@@H]1C[C@H]2[C@@H]3CCC4=CC(=O)C=C[C@@]4([C@]3([C@H](C[C@@]2([C@]1(C(=O)CO)O)C)O)F)C,50-02-2,neutral,3.3,1.68,392.461,0.978,1.68,94.83,3,5,green,green,green
110,CCN[C@@H](C)Cc1cccc(c1)C(F)(F)F,3239-44-9,basic,11.0,0.79,231.257,3.723,3.47,12.03,1,0,yellow,green,green
111,CCCCCN(CCCOC)C(=O)[C@@H](CCC(=O)O)NC(=O)c1ccc(c(c1)Cl)Cl,119817-90-2,acidic,3.7,0.24,461.379,3.628,3.37,95.94,1,5,yellow,yellow,green
112,Cc1cccc(c1C)[C@H](C)c2c[nH]cn2,145108-58-3,neutral,11.0,3.34,200.28,2.689,3.39,28.68,1,1,yellow,green,yellow
113,COC(=O)[C@H](c1ccccc1)[C@H]2CCCCN2,40431-64-9,basic,6.67,0.57,233.306,1.92,2.25,38.33,1,2,green,green,green
114,CC/C=C\C/C=C\C/C=C\C/C=C\C/C=C\C/C=C\CCC(=O)O[C@H]([C@H](c1ccccc1)NC(=O)c2ccccc2)C(=O)O[C@H]3C[C@]4([C@H]([C@H]5[C@@]([C@H](C[C@@H]6[C@]5(CO6)OC(=O)C)O)(C(=O)[C@@H](C(=C3C)C4(C)C)OC(=O)C)C)OC(=O)c7ccccc7)O,199796-52-6,neutral,0.03,10.96,1164.379,13.113,10.96,227.36,3,15,red,red,red
115,C(C(=O)O)(Cl)Cl,79-43-6,acidic,5.3,-2.46,128.942,0.218,1.06,37.3,0,2,green,green,green
116,c1[nH]c(=O)c2c(n1)n(cn2)[C@H]3CC[C@H](O3)CO,69655-05-6,neutral,11.0,-0.88,236.227,-0.287,-0.87,93.03,2,5,green,green,green
117,CC[C@]1(CC(=O)OCc2c1cc-3n(c2=O)Cc4c3nc5cc(c(cc5c4)F)F)O,220997-97-7,neutral,8.42,1.44,398.36,2.008,1.44,81.42,1,5,green,green,green
118,CC[C@H]1CN2CC[C@H]1C[C@@H]2[C@H](c3ccnc4c3cc(cc4)OC)O,1435-55-8,basic,4.2,1.04,326.433,3.026,2.82,45.59,1,3,green,green,green
119,C[C@H](CCc1ccccc1)NC[C@@H](c2ccc(c(c2)C(=O)N)O)O,75659-07-3,basic,29.0,1.26,328.405,2.668,1.34,95.58,4,3,green,green,green
120,CC(=O)O[C@@H]1[C@@H](Sc2ccccc2N(C1=O)CCN(C)C)c3ccc(cc3)OC,42399-41-7,basic,13.0,1.89,414.518,3.101,2.73,59.08,0,4,green,yellow,green
121,CN(C)CCOC(c1ccccc1)c2ccccc2,58-73-1,basic,9.8,2.17,255.355,3.257,3.65,12.47,0,1,yellow,green,yellow
122,CCC(C)(C)NCC(COc1ccccc1C(=O)CCc2ccccc2)O,81447-80-5,basic,11.0,1.88,369.497,3.749,4.23,58.56,2,3,yellow,green,green
123,c1ccc2c(c1)[nH]c(=O)n2CCCN3CCC(CC3)n4c5ccc(cc5[nH]c4=O)Cl,57808-66-9,neutral,9.5,2.75,425.911,3.982,2.9,78.82,2,2,green,yellow,yellow
124,c1cc(c(cc1CCN)O)O,51-61-6,basic,65.9,-1.45,153.178,-0.084,-0.06,66.48,3,2,green,green,green
125,COc1cc2c(cc1OC)nc(nc2N)N3CCN(CC3)C(=O)C4COc5ccccc5O4,74191-85-8,neutral,1.6,1.91,451.475,1.463,2.14,112.27,1,7,green,yellow,green
126,CN(C)CC/C=C/1\c2ccccc2COc3c1cccc3,1668-19-5,basic,14.0,1.51,279.376,4.029,3.84,12.47,0,1,yellow,green,green
127,C[C@@H]1[C@H]([C@H]([C@@H](O1)n2cc(c(=O)[nH]c2=O)F)O)O,3094-09-5,neutral,11.0,-1.35,246.192,-1.022,-1.17,104.55,3,5,green,green,green
128,CCCCCCCCOCCOC(=O)CN(CC(=O)O)c1ccccc1OCCOc2ccccc2N(CC(=O)O)CC(=O)OCCOCCCCCCCC,222315-88-0,acidic,14.0,1.37,788.964,7.842,7.99,170.6,0,12,red,red,green
129,CCCCc1c(c2cc(ccc2o1)NS(=O)(=O)C)C(=O)c3ccc(cc3)OCCCN(CCCC)CCCC,141626-36-0,basic,33.33,3.96,556.756,7.972,5.23,88.85,1,5,red,red,yellow
130,CCOc1ccc(cc1OCC)/C=C\2/c3cc(c(cc3CCN2)OCC)OCC,14009-24-6,neutral,3.5,3.89,397.507,4.963,4.19,48.95,1,4,yellow,green,yellow
131,CC1=NN(C(=O)C1)c2ccccc2,89-25-8,neutral,1.42,1.53,174.199,1.54,1.53,32.67,0,2,green,green,green
132,c1cc(c2c(c1)OCCO2)N3CCNCC3,98224-03-4,basic,8.0,-0.38,220.268,0.75,1.06,33.73,1,2,green,green,green
133,CCC#CC[C@H](C)[C@@H](C#C[C@@H]1[C@@H](C[C@H]2[C@@H]1CC(=CCOCCCC(=O)O)C2)O)O,90693-76-8,acidic,66.2,0.46,402.524,1.186,3.31,86.99,2,5,yellow,yellow,green
134,COCCOc1cc2c(cc1OCCOC)ncnc2Nc3cccc(c3)C#C,183321-74-6,neutral,1.23,3.2,393.436,2.809,3.2,74.73,1,6,yellow,green,yellow
135,CC(C)NCC(COc1ccc(cc1)CCC(=O)OC)O,81147-92-4,basic,290.0,-0.4,295.374,1.822,1.82,67.79,2,4,green,green,green
136,Cc1cnc(c(c1OC)C)C[S@@](=O)c2[nH]c3ccc(cc3n2)OC,119141-88-7,neutral,3.85,2.43,345.416,1.974,2.43,77.1,1,5,green,green,yellow
137,C[C@]12CC[C@@H]3c4ccc(cc4CC[C@H]3[C@@H]1CC[C@@H]2O)O,50-28-2,neutral,30.0,3.74,272.382,3.062,3.75,40.46,2,2,yellow,green,yellow
138,C[C@]12CC[C@@H]3c4ccc(cc4CC[C@H]3[C@@H]1CC[C@@H]2OP(=O)(O)O)OC(=O)N(CCCl)CCCl,4891-15-0,acidic,0.94,1.97,520.383,3.801,4.98,96.3,2,6,yellow,red,green
139,C[C@]12CC[C@@H]3c4ccc(cc4CC[C@H]3[C@@H]1CC[C@]2(C#C)O)O,57-63-6,neutral,7.0,3.9,296.403,2.722,3.9,40.46,2,2,yellow,green,yellow
140,CCNCC(c1cccc(c1)O)O,709-55-7,basic,14.0,-1.07,181.232,0.788,0.2,52.49,3,2,green,green,green
141,CCOC(=O)c1cncn1[C@H](C)c2ccccc2,33125-97-2,neutral,13.0,2.5,244.289,2.521,2.5,44.12,0,3,green,green,yellow
142,Cc1ccc(cn1)c2c(cc(cn2)Cl)c3ccc(cc3)S(=O)(=O)C,202409-33-4,neutral,0.79,2.79,358.842,3.515,2.79,59.92,0,4,green,green,yellow
143,CC[C@@]1(c2cc-3n(c(=O)c2COC1=O)Cc4c3nc5cc(c(c6c5c4[C@H](CC6)N)C)F)O,276680-63-8,basic,0.96,-0.71,435.448,1.006,1.45,107.44,2,5,green,yellow,green
144,CCOC(=O)C1=C(NC(=C(C1c2cccc(c2Cl)Cl)C(=O)OC)C)C,72509-76-3,neutral,11.0,3.44,384.254,4.146,3.44,64.63,1,4,yellow,green,yellow
145,c1cc(ccc1[C@H]2CNCCc3c2cc(c(c3Cl)O)O)O,67227-56-9,basic,41.5,1.26,305.756,1.883,1.39,72.72,4,3,green,green,green
146,C[C@H](c1cccc(c1)Oc2ccccc2)C(=O)O,29679-58-1,acidic,0.6,0.47,242.27,2.68,3.65,46.53,0,3,yellow,green,green
147,CC(Cc1ccc(cc1)O)NCC(c2cc(cc(c2)O)O)O,13392-18-2,basic,29.0,0.33,303.353,2.067,1.36,92.95,5,4,green,green,green
148,Cc1c([nH]c(=O)[nH]1)C(=O)c2ccc(cc2)SC,77671-31-9,neutral,29.0,1.84,248.301,2.404,1.84,65.72,2,2,green,green,green
149,c1ccc(cc1)CCN2CCC3(CC2)CNC(=O)O3,5053-06-5,basic,2.6,0.03,260.332,1.963,1.6,41.57,1,2,green,green,green
150,CCC(=O)N(c1ccccc1)C2CCN(CC2)CCc3ccccc3,437-38-7,basic,4.7,2.43,336.471,3.977,3.82,23.55,0,1,yellow,green,yellow
151,C[C@]12CC[C@H]3[C@H]([C@@H]1CC[C@@H]2C(=O)NC(C)(C)C)CC[C@@H]4[C@@]3(C=CC(=O)N4)C,98319-26-7,neutral,2.4,3.07,372.544,2.355,3.07,58.2,2,2,yellow,green,yellow
152,CCCCCCCCc1ccc(cc1)CCC(CO)(CO)N,162359-55-9,basic,1.53,2.12,307.471,3.659,4.06,66.48,3,2,yellow,green,yellow
153,CCOC(=O)c1c2n(cn1)-c3ccc(cc3C(=O)N(C2)C)F,78755-81-4,neutral,16.0,1.39,303.288,1.166,0.33,64.43,0,4,green,green,green
154,C[C@]12C[C@@H]([C@H]3[C@H]([C@@H]1C[C@@H]4[C@]2(OC(O4)(C)C)C(=O)CO)C[C@@H](C5=CC(=O)C=C[C@@]35C)F)O,3385-03-3,neutral,9.5,1.56,434.498,1.529,1.56,93.06,2,6,green,yellow,green
155,CN1c2ccc(cc2C(=NCC1=O)c3ccccc3F)N(=O)=O,1622-62-4,neutral,1.4,2.55,313.283,1.905,2.55,78.49,0,4,green,green,yellow
156,c1ccc2c(c1)C(=O)OC23c4ccc(cc4Oc5c3ccc(c5)O)O,2321-07-5,neutral,1.3,3.86,332.306,3.459,3.88,75.99,2,5,yellow,green,yellow
157,c1c(c(=O)[nH]c(=O)[nH]1)F,51-21-8,neutral,26.0,-0.81,130.077,-1.158,-0.66,65.72,2,2,green,green,green
158,c1ccc2c(c1)N(c3cc(ccc3S2)C(F)(F)F)CCCN4CCN(CC4)CCO,69-23-8,basic,9.7,3.09,437.522,4.358,3.97,29.95,1,1,yellow,yellow,yellow
159,CCOC(=O)Nc1ccc(nc1N)NCc2ccc(cc2)F,56995-20-1,basic,1.6,2.32,304.319,1.677,2.67,89.27,3,3,green,green,yellow
160,CCC(=O)O[C@@]1([C@@H](C[C@@H]2[C@@]1(C[C@@H]([C@]3([C@H]2C[C@@H](C4=CC(=O)C=C[C@@]43C)F)F)O)C)C)C(=O)SCF,80474-14-2,neutral,17.0,3.72,500.571,3.122,3.72,80.67,1,5,yellow,red,yellow
161,CC(C)n1c2ccccc2c(c1/C=C/[C@@H](C[C@@H](CC(=O)O)O)O)c3ccc(cc3)F,93957-54-1,acidic,16.0,1.06,411.466,3.885,3.83,82.69,2,4,yellow,yellow,green
162,COCCCC/C(=N\OCCN)/c1ccc(cc1)C(F)(F)F,54739-18-3,basic,23.0,1.05,318.335,2.667,2.8,56.84,1,3,green,green,green
163,c1cc(ccc1C(=O)N[C@@H](CCC(=O)O)C(=O)O)NCC2CNc3c(c(=O)nc([nH]3)N)N2C=O,58-05-9,acidic,5.8,-8.68,473.439,-2.625,-3.96,219.84,5,8,green,yellow,green
164,C[C@H](c1cc(cc(c1)C(F)(F)F)C(F)(F)F)O[C@@H]2[C@@H]([N@](CCO2)Cc3[nH]n(c(=O)n3)P(=O)(O)O)c4ccc(cc4)F,172673-20-0,acidic,18.6,-1.64,614.407,5.209,1.9,129.91,3,7,green,red,green
165,c1cc(c(cc1F)F)C(Cn2cncn2)(Cn3cncn3)OP(=O)(O)O,194798-83-9,acidic,1.3,-3.36,386.251,-0.386,-1.41,128.18,2,8,green,green,green
166,c1ccc(cc1)C2(C(=O)N(C(=O)N2)COP(=O)(O)O)c3ccccc3,93390-81-9,acidic,3.5,-1.65,362.274,1.462,1.67,116.17,3,6,green,green,green
167,C[C@@](/C=C/[C@H]1CC=CC(=O)O1)([C@@H](C[C@H](/C=C\C=C/C=C/CO)O)OP(=O)(O)O)O,87810-56-8,acidic,1.2,-2.63,430.386,1.363,0.63,153.75,5,9,green,yellow,green
168,C[C@]12CC[C@@H]3c4ccc(cc4C[C@@H](C3[C@@H]1CC[C@@H]2O)CCCCCCCCCS(=O)CCCC(C(F)(F)F)(F)F)O,129453-61-8,neutral,11.8,7.57,606.771,8.1,7.57,57.53,2,3,red,red,red
169,C[C@@H]1[C@@H](CC[C@@]2([C@H]1CC[C@@]3([C@H]2[C@@H](C[C@@H]\4[C@@]3(C[C@@H](/C4=C(/C(=O)[O-])\CC/C=C(\C)/C)OC(=O)C)C)O)C)C)O,751-94-0,acidic,0.35,1.75,515.701,1.781,4.42,106.89,2,6,yellow,red,green
170,CN1CC[C@@]23C=C[C@@H](C[C@@H]2Oc4c3c(ccc4OC)C1)O,357-70-0,basic,5.6,-0.36,287.354,2.385,1.16,41.93,1,3,green,green,green
171,CC(C)[C@@](CCC[N@](C)CCc1ccc(c(c1)OC)OC)(C#N)c2cc(c(c(c2)OC)OC)OC,16662-47-8,basic,14.3,2.63,484.628,4.484,4.89,73.18,0,6,yellow,yellow,yellow
172,COc1cc2c(cc1OCCCN3CCOCC3)c(ncn2)Nc4ccc(c(c4)Cl)F,184475-35-2,neutral,12.0,3.64,446.902,4.081,3.75,68.74,1,5,yellow,yellow,yellow
173,c1cn(c(=O)nc1N)[C@H]2C([C@@H]([C@H](O2)CO)O)(F)F,95058-81-4,neutral,32.0,-1.47,263.198,-0.594,-1.47,110.6,3,5,green,green,green
174,CCc1c2c(c(=O)nc([nH]2)c3cc(cnc3OCC)S(=O)(=O)N4CCN(CC4)CC)nn1CCOC,334826-98-1,neutral,14.3,0.58,519.617,1.043,0.96,135.54,1,8,green,red,green
175,Cc1ccc(cc1)S(=O)(=O)NC(=O)NN2C[C@H]3CCC[C@@H]3C2,21187-98-4,acidic,0.41,0.79,323.411,0.492,1.73,78.51,2,3,green,green,green
176,CCC1=C(CN(C1=O)C(=O)NCCc2ccc(cc2)S(=O)(=O)NC(=O)N[C@H]3CC[C@@H](CC3)C)C,93479-97-1,acidic,0.5,2.18,490.616,3.465,3.12,124.68,3,5,yellow,yellow,yellow
177,Cc1cnc(cn1)C(=O)NCCc2ccc(cc2)S(=O)(=O)NC(=O)NC3CCCCC3,29094-61-9,acidic,0.56,0.49,445.535,2.172,1.43,130.15,3,6,green,yellow,green
178,COc1ccc(cc1C(=O)NCCc2ccc(cc2)S(=O)(=O)NC(=O)NC3CCCCC3)Cl,10238-21-8,acidic,0.82,2.85,494.004,4.24,3.79,113.6,3,5,yellow,yellow,yellow
179,Cn1c2ccccc2c(n1)C(=O)N[C@H]3C[C@H]4CCC[C@@H](C3)N4C,109889-09-0,basic,9.1,0.27,312.409,2.362,1.88,50.16,1,2,green,green,green
180,B1(C[C@@H](c2c1c(ccc2)OCCCO)CN)O,1093643-37-8,basic,4.1,-1.74,235.087,-0.527,-0.52,75.71,3,3,green,green,green
181,c1cc(ccc1C(=O)CCCN2CCC(CC2)(c3ccc(cc3)Cl)O)F,52-86-8,basic,7.8,2.93,375.864,3.9,3.66,40.54,1,2,yellow,green,yellow
182,CC(C)(CCC[C@](CC(=O)OC)(C(=O)O[C@H]1[C@H]2c3cc4c(cc3CCN5[C@@]2(CCC5)C=C1OC)OCO4)O)O,26833-87-4,basic,2.96,-0.12,545.621,2.686,1.88,123.99,2,9,green,red,green
183,C[C@]12CCC(=O)C=C1CC[C@@H]3[C@@H]2[C@H](C[C@]4([C@H]3CC[C@@]4(C(=O)CO)O)C)O,50-23-7,neutral,5.7,1.28,362.46,0.263,1.28,94.83,3,5,green,green,green
184,CN1CC[C@]23c4c5ccc(c4O[C@H]2C(=O)CC[C@H]3[C@H]1C5)O,466-99-9,basic,28.0,0.58,285.338,1.437,1.62,49.77,1,3,green,green,green
185,CCN(CCCC(C)Nc1ccnc2c1ccc(c2)Cl)CCO,118-42-3,basic,11.0,0.33,335.872,3.518,2.89,48.39,2,2,green,green,green
186,c1ccc(c(c1)C2=NCc3cnc(n3-c4c2cc(cc4)Cl)CO)F,59468-90-5,neutral,9.71,3.15,341.767,2.354,2.48,50.41,1,3,green,green,yellow
187,C(=O)(N)NO,127-07-1,neutral,1.5,-1.37,76.055,-1.366,-1.37,75.35,3,2,green,green,green
188,CC(C)Cc1ccc(cc1)C(C)C(=O)O,15687-27-1,acidic,0.82,1.34,206.281,3.501,3.84,37.3,0,2,yellow,green,green
189,CCCCCCCN(CC)CCCC(c1ccc(cc1)NS(=O)(=O)C)O,122647-31-8,basic,26.0,0.53,384.576,4.773,2.51,69.64,2,3,green,green,green
190,Cc1cc(cc(c1)P(=O)(c2c3cc(ccc3[nH]c2C(=O)N)Cl)OC)/C=C/C#N,1097733-15-7,neutral,0.56,3.53,413.794,4.114,3.54,108.97,2,4,yellow,yellow,yellow
191,Cc1cc(cc(c1)P(=O)(c2c3c(ccc(c3F)Cl)[nH]c2C(=O)N)OC)/C=C/C#N,1254181-18-4,neutral,0.97,3.67,431.785,3.888,3.68,108.97,2,4,yellow,yellow,yellow
192,CCCCCNC(=O)c1coc(n1)[C@@H]2[C@H]3CC[C@@H]([C@@H]2Cc4ccccc4CCC(=O)O)O3,143443-90-7,acidic,6.4,1.27,440.532,3.775,3.95,101.66,1,6,yellow,yellow,green
193,C1CN(P(=O)(OC1)NCCCl)CCCl,3778-73-2,neutral,1.1,0.1,261.086,0.972,0.1,41.57,1,2,green,green,green
194,Cc1ccc(cc1Nc2nccc(n2)c3cccnc3)NC(=O)c4ccc(cc4)CN5CCN(CC5)C,152459-95-5,basic,3.3,3.45,493.603,3.376,4.38,86.28,2,4,yellow,yellow,yellow
195,Cc1nccn1CCC(c2ccccc2)(c3ccccc3)C(=O)N,170105-16-5,neutral,6.1,2.52,319.4,1.945,2.76,60.91,1,2,green,green,yellow
196,CN(C)CCCN1c2ccccc2CCc3c1cccc3,50-49-7,basic,13.0,2.48,280.407,3.953,4.28,6.48,0,0,yellow,green,yellow
197,CN(=O)(C)CCCN1c2ccccc2CCc3c1cccc3,6829-98-7,neutral,12.0,3.15,296.407,2.292,3.15,20.31,0,1,yellow,green,yellow
198,CC(C)(C)NC(=O)[C@@H]1CN(CCN1C[C@H](C[C@@H](Cc2ccccc2)C(=O)N[C@H]3c4ccccc4C[C@H]3O)O)Cc5cccnc5,150378-17-9,neutral,18.0,2.52,613.789,3.185,2.81,118.03,4,5,green,red,yellow
199,c1cc2c(c[nH]c2c(c1)NS(=O)(=O)c3ccc(cc3)S(=O)(=O)N)Cl,165668-41-7,acidic,0.72,1.26,385.846,2.442,1.77,122.12,3,4,green,green,green
200,Cc1c(c2cc(ccc2n1C(=O)c3ccc(cc3)Cl)OC)CC(=O)O,53-86-1,acidic,1.3,0.27,357.788,4.005,3.53,68.53,0,4,yellow,green,green
201,c1ccc(cc1)C(=O)NC2CCN(CC2)CCc3c[nH]c4c3cccc4,26844-12-2,basic,20.0,1.58,347.453,3.632,3.19,48.13,2,1,yellow,green,green
202,C[C@H]1[C@H]([C@H](C[C@@H](O1)O[C@H]2C[C@@](Cc3c2c(c4c(c3O)C(=O)c5cccc(c5C4=O)OC)O)(C(=O)CO)O)N)I,83997-75-5,basic,140.0,2.21,653.416,1.346,2.89,185.84,5,10,green,red,yellow
203,CC1=C(C2=C(C3(CC3)[C@@](C(=O)C2=C1)(C)O)C)CO,158440-71-2,neutral,140.0,0.67,246.302,2.408,0.67,57.53,2,3,green,green,green
204,COc1cc(ccc1c2[nH]c3ccncc3n2)S(=O)C,86315-52-8,neutral,20.7,0.64,287.337,1.065,0.64,67.87,1,4,green,green,green
205,CC(C)NCC(c1ccc(c(c1)O)O)O,7683-59-2,basic,56.0,-0.99,211.258,0.646,0.16,72.72,4,3,green,green,green
206,C1[C@H]([C@@H]2[C@H](O1)[C@H](CO2)ON(=O)=O)ON(=O)=O,87-33-2,neutral,31.0,0.44,236.136,2.011,0.44,128.56,0,8,green,green,green
207,C1[C@@H]([C@@H]2[C@H](O1)[C@@H](CO2)ON(=O)=O)O,16051-77-7,neutral,2.0,-0.48,191.139,0.887,-0.48,93.74,1,6,green,green,green
208,Cc1cc(no1)NC(=O)C2=C(c3ccccc3S(=O)(=O)N2C)O,34552-84-6,acidic,0.07,-1.85,335.335,1.707,0.77,112.74,2,6,green,green,green
209,CC[C@]1(C[C@@H](c2c(c(c3c(c2O)C(=O)c4c(cccc4O)C3=O)O)[C@H]1O)O[C@@H]5C[C@@H]([C@@H]([C@@H](O5)C)O)N6CCOCC6)O,105026-50-4,neutral,42.8,3.07,585.599,2.613,3.27,186.45,6,11,yellow,red,yellow
210,C[C@H]([C@@H](C(=O)N)NC(=O)[C@H]1CSSC[C@H](C(=O)N[C@@H](C(=O)N[C@H](C(=O)N[C@H](C(=O)N[C@H](C(=O)N1)C(C)C)CCCCN)Cc2c[nH]c3c2cccc3)Cc4ccc(cc4)O)NC(=O)[C@H](Cc5ccc6ccccc6c5)N)O,108736-35-2,basic,5.7,-2.43,1096.323,1.418,-0.52,355.08,13,10,green,red,green
211,CNC(=O)N([N@@](CCCl)S(=O)(=O)C)S(=O)(=O)C,173424-77-6,neutral,23.1,-1.86,307.775,-1.116,-1.86,103.86,1,5,green,green,green
212,CC(C)OC(=O)CCC/C=C/C[C@H]1[C@H](C[C@H]([C@@H]1CC[C@H](CCc2ccccc2)O)O)O,130209-82-4,neutral,6.7,3.98,432.593,4.404,3.98,86.99,3,5,yellow,yellow,yellow
213,CCCC[N@]1CCCC[C@H]1C(=O)Nc2c(cccc2C)C,27262-47-1,basic,8.7,3.82,288.428,3.788,3.22,32.34,1,1,yellow,green,yellow
214,c1cc(ccc1C(=O)N[C@@H](CCC(=O)O)C(=O)O)NC[C@H]2CNc3c(c(=O)nc([nH]3)N)N2C=O,68538-85-2,acidic,4.1,-8.68,473.439,-2.456,-3.96,219.84,5,8,green,yellow,green
215,C[C@@H](CN1c2ccccc2Sc3c1cc(cc3)OC)CN(C)C,60-99-1,basic,9.9,2.24,328.472,4.189,4.25,15.71,0,1,yellow,green,yellow
216,CC[C@]12CC[C@H]3[C@H]([C@@H]1CC[C@]2(C#C)O)CCC4=CC(=O)CC[C@H]34,797-63-7,neutral,1.8,3.66,312.446,2.365,3.66,37.3,1,2,yellow,green,yellow
217,CNC[C@@H](CC12CCC(c3c1cccc3)c4c2cccc4)O,76496-68-9,basic,14.6,0.85,293.403,4.224,3.3,32.26,2,1,yellow,green,green
218,C[N@@]1CC[C@]23CCCC[C@H]2[C@H]1Cc4c3cc(cc4)O,77-07-6,basic,15.7,0.93,257.371,3.006,2.89,23.47,1,1,green,green,green
219,C[C@@H]1CC(=O)NN=C1c2ccc(cc2)NN=C(C#N)C#N,141505-33-1,neutral,3.8,2.16,280.285,1.824,2.16,113.43,2,5,green,green,yellow
220,c1ccc2c(c1)CC(c3ccccc3N2C(=O)N)O,29331-92-8,neutral,0.88,1.73,254.284,1.566,1.73,66.56,2,2,green,green,green
221,CCN(CC)CC(=O)Nc1c(cccc1C)C,137-58-6,basic,16.0,2.33,234.337,2.511,1.54,32.34,1,1,green,green,yellow
222,CC(=O)NC[C@H]1CN(C(=O)O1)c2ccc(c(c2)F)N3CCOCC3,165800-03-3,neutral,1.8,0.64,337.346,1.103,0.64,71.11,1,4,green,green,green
223,c1ccc(c(c1)C2=NC(C(=O)Nc3c2cc(cc3)Cl)O)Cl,846-49-1,neutral,1.0,3.53,321.158,2.926,3.53,61.69,2,3,yellow,green,yellow
224,CC(C)N1CCC(CC1)N(c2ccc(cc2)Cl)C(=O)Cc3ccccc3,59729-31-6,basic,16.0,2.87,370.916,4.853,4.31,23.55,0,1,yellow,green,yellow
225,CN1c2ccc(cc2C(=NC(C1=O)O)c3ccccc3Cl)Cl,848-75-9,neutral,4.0,3.39,335.185,2.807,3.39,52.9,1,3,yellow,green,yellow
226,CN(c1nc2ccccc2s1)C3CCN(CC3)C[C@@H](COc4ccc(c(c4)F)F)O,144665-07-6,basic,1.7,3.64,433.515,4.67,4.23,48.83,1,3,yellow,yellow,yellow
227,c1ccn2cc(nc2c1)C3=C(C(=O)NC3=O)C4=CN5CCN(C[C@H]6[C@H]5C4=CC(=C6)F)C(=O)N7CCCCC7,603288-22-8,neutral,10.3,-0.07,514.551,2.579,0.17,90.26,1,4,green,red,green
228,CNCCCC12CCC(c3c1cccc3)c4c2cccc4,10262-69-8,basic,14.0,1.48,277.403,5.097,4.37,12.03,1,0,yellow,green,green
229,Cc1nnc(n1C2C[C@H]3CC[C@@H](C2)N3CC[C@H](c4ccccc4)NC(=O)C5CCC(CC5)(F)F)C(C)C,376348-65-1,basic,9.4,1.37,513.666,4.815,3.63,63.05,1,3,yellow,red,green
230,COc1ccc(cc1[C@]2(c3ccc(cc3NC2=O)C(F)(F)F)F)Cl,187523-35-9,neutral,15.0,4.23,359.703,5.359,4.23,38.33,1,2,yellow,green,red
231,CC(C)Oc1ccccc1N2CCN(CC2)Cc3cccc(c3)C(=O)N4CCCCC4,134208-17-6,neutral,6.17,4.27,421.575,4.368,4.42,36.02,0,2,yellow,yellow,red
232,COC(=O)Nc1[nH]c2ccc(cc2n1)C(=O)c3ccccc3,31431-39-7,neutral,15.0,3.25,295.293,2.887,3.26,84.08,2,4,yellow,green,yellow
233,CN(C)CC(Oc1ccccc1)Oc2ccccc2,32359-34-5,basic,13.7,2.96,257.328,3.423,3.8,21.7,0,2,yellow,green,yellow
234,CC(CCc1ccc2c(c1)OCO2)NCC(c3ccc(c(c3)C(=O)N)O)O,56290-94-9,basic,16.0,0.88,372.415,2.391,0.97,114.04,4,5,green,green,green
235,Cc1cnc(s1)NC(=O)C2=C(c3ccccc3S(=O)(=O)N2C)O,71125-38-7,acidic,0.12,-0.98,351.401,2.852,1.6,99.6,2,5,green,green,green
236,CC1CCN(CC1)CCCC(=O)c2ccc(cc2)F,3575-80-2,basic,46.0,1.72,263.35,3.205,3.23,20.31,0,1,yellow,green,green
237,CCOC(=O)C1(CCN(CC1)C)c2ccccc2,57-42-1,basic,4.9,1.63,247.333,2.132,2.46,29.54,0,2,green,green,green
238,CCC1(CCCCN(C1)C)c2cccc(c2)O,54340-58-8,basic,28.0,1.55,233.349,3.22,3.06,23.47,1,1,yellow,green,green
239,Cn1cc[nH]c1=S,60-56-0,neutral,3.7,0.75,114.169,-0.422,0.75,20.72,1,0,green,green,green
240,COC(=O)C(c1ccccc1)C2CCCCN2,113-45-1,basic,0.55,0.57,233.306,2.158,2.25,38.33,1,2,green,green,green
241,C[C@H]1C[C@H]2[C@@H]3CC[C@@]([C@]3(C[C@@H]([C@@H]2[C@@]4(C1=CC(=O)C=C4)C)O)C)(C(=O)CO)O,83-43-2,neutral,6.1,1.56,374.471,0.892,1.56,94.83,3,5,green,green,green
242,CCN(CC)CCNC(=O)c1cc(c(cc1OC)N)Cl,364-62-5,basic,5.7,-0.25,299.796,2.168,1.4,67.59,2,2,green,green,green
243,CC(C)NCC(COc1ccc(cc1)CCOC)O,51384-51-1,basic,13.0,-0.47,267.364,1.712,1.76,50.72,2,3,green,green,green
244,Cc1ncc(n1CCO)N(=O)=O,443-48-1,neutral,0.85,-0.46,171.154,-0.409,-0.46,83.87,1,4,green,green,green
245,C[N@]1CCN2c3ccccc3Cc4ccccc4[C@H]2C1,24219-97-4,neutral,21.9,3.71,264.365,2.994,3.83,6.48,0,0,yellow,green,yellow
246,CC(C)[C@H]1c2ccc(cc2CC[C@@]1(CCN(C)CCCc3[nH]c4ccccc4n3)OC(=O)COC)F,116644-53-2,basic,4.0,2.75,495.629,5.123,5.16,67.45,1,4,red,yellow,yellow
247,Cc1ncc2n1-c3ccc(cc3C(=NC2)c4ccccc4F)Cl,59467-70-8,neutral,5.3,3.92,325.767,3.27,3.33,30.18,0,2,yellow,green,yellow
248,COc1ccc(c(c1)[C@@H](CNC(=O)CN)O)OC,42794-76-3,basic,27.9,-1.76,254.282,-0.563,-0.95,93.81,3,4,green,green,green
249,CC#C[C@@]1(CC[C@@H]2[C@@]1(C[C@@H](C3=C4CCC(=O)C=C4CC[C@@H]23)c5ccc(cc5)N(C)C)C)O,84371-65-3,neutral,0.5,5.13,429.594,4.269,5.13,40.54,1,2,red,yellow,red
250,CN(C)c1ccc(c2c1C[C@H]3C[C@H]4[C@@H](C(=C(C(=O)[C@]4(C(=C3C2=O)O)O)C(=O)N)O)N(C)C)O,10118-90-8,acidic,1.2,-2.61,457.476,0.575,-3.48,164.63,5,7,green,yellow,green
251,CN1CCN2c3c(cccn3)Cc4ccccc4C2C1,85650-52-8,neutral,8.0,3.13,265.353,2.016,3.21,19.37,0,1,yellow,green,yellow
252,CN(C)CCN1C(=O)c2cccc3c2c(cc(c3)[N+](=O)[O-])C1=O,54824-17-8,basic,34.6,0.72,313.308,2.37,1.87,83.76,0,4,green,green,green
253,C[N+]1(CCc2cc(c(cc2C1Cc3cc(c(c(c3)OC)OC)OC)OC)OC)CCCOC(=O)CC/C=C/CCC(=O)OCCC[N+]4(CCc5cc(c(cc5C4Cc6cc(c(c(c6)OC)OC)OC)OC)OC)C,106791-40-6,neutral,5.2,-0.76,1029.261,5.055,-0.76,144.9,0,14,green,red,green
254,CN(c1[nH]c(=O)ccn1)C2CCN(CC2)c3nc4ccccc4n3Cc5ccc(cc5)F,108612-45-9,neutral,1.03,3.71,432.493,3.387,3.73,70.05,1,3,yellow,yellow,yellow
255,c1cc(ccc1C(=O)NCCN2CCOCC2)Cl,71320-77-9,neutral,10.0,1.43,268.739,1.698,1.45,41.57,1,2,green,green,green
256,CCOC(=O)[C@H](CCc1ccccc1)N[C@@H](C)C(=O)N2Cc3cc(c(cc3C[C@H]2C(=O)O)OC)OC,103775-10-6,acidic,6.3,-0.08,498.568,2.564,1.46,114.4,1,7,green,yellow,green
257,CCOC(=O)[NH-]c1c[n+](no1)N2CCOCC2,25717-80-0,neutral,11.0,,243.24,-0.509,,84.28,1,5,,green,
258,C[C@@H]1C[C@H]2[C@H]3CCC4=CC(=O)C=C[C@@]4([C@]3([C@H](C[C@@]2([C@]1(C(=O)CCl)OC(=O)c5ccco5)C)O)Cl)C,83919-23-7,neutral,12.7,5.06,521.429,3.811,5.06,93.81,1,6,red,red,red
259,CC(C)(c1ccccc1CC[C@H](c2cccc(c2)/C=C/c3ccc4ccc(cc4n3)Cl)SCC5(CC5)CC(=O)O)O,158966-92-8,acidic,0.68,5.8,586.183,9.045,8.49,70.42,1,4,red,red,red
260,Cc1ncc(n1CC(CN2CCOCC2)O)[N+](=O)[O-],92478-27-8,neutral,1.6,-0.65,270.285,-0.048,-0.6,93.66,1,5,green,green,green
261,CN1CC[C@]23c4c5ccc(c4O[C@H]2[C@H](C=C[C@H]3[C@H]1C5)O)O,57-27-2,basic,26.0,-0.6,285.338,1.51,0.89,52.93,2,3,green,green,green
262,COc1ccccc1N2CCN(CC2)C[C@H](COc3cccc4c3cccc4)O,57149-07-2,neutral,11.0,3.5,392.491,4.14,3.77,45.17,1,3,yellow,green,yellow
263,C=C1CC[C@]2([C@H]3Cc4ccc(c5c4[C@]2([C@H]1O5)CCN3CC6CC6)O)O,55096-26-9,basic,15.0,0.07,339.428,2.912,1.94,52.93,2,3,green,green,green
264,C=CCN1CC[C@]23c4c5ccc(c4O[C@H]2C(=O)CC[C@]3([C@H]1C5)O)O,465-65-6,basic,23.0,1.04,327.374,1.597,1.62,70.0,2,4,green,green,green
265,CC([C@H]1CC[C@@H](CC1)C(=O)N[C@@H](C(=O)O)Cc2ccccc2)C,105816-04-4,acidic,1.8,0.87,317.423,3.283,4.03,66.4,1,3,yellow,green,green
266,CCc1nn(c(=O)n1CCOc2ccccc2)CCCN3CCN(CC3)c4cccc(c4)Cl,83366-66-9,neutral,7.5,4.48,470.007,4.611,4.65,55.53,0,3,yellow,yellow,red
267,CN1CCOC(c2ccccc2C1)c3ccccc3,13669-70-0,basic,12.0,2.7,253.339,3.166,3.4,12.47,0,1,yellow,green,yellow
268,COc1c2c(nc(n1)N)n(cn2)[C@H]3[C@H]([C@@H]([C@H](O3)CO)O)O,121032-29-9,neutral,81.0,-1.57,297.267,-0.297,-1.57,148.77,4,8,green,green,green
269,Cc1ccnc2c1NC(=O)c3cccnc3N2C4CC4,129618-40-2,neutral,0.3,2.49,266.298,1.982,1.84,58.12,1,3,green,green,yellow
270,CC(C)NC[C@H](COc1cccc2c1N(CCC2)C(=O)c3cccnc3)O,76252-06-7,basic,3.6,-0.41,369.457,1.951,1.82,74.69,2,4,green,green,green
271,CC1=C(C(C(=C(N1)C)C(=O)OCCN(C)Cc2ccccc2)c3cccc(c3)N(=O)=O)C(=O)OC,55985-32-5,basic,11.0,2.71,479.525,4.272,3.56,113.69,1,6,yellow,yellow,yellow
272,CN1CCC[C@H]1c2cccnc2,54-11-5,basic,18.0,-0.31,162.232,1.11,1.16,16.13,0,1,green,green,green
273,CC1=C(C(C(=C(N1)C)C(=O)OC)c2ccccc2N(=O)=O)C(=O)OC,21829-25-4,neutral,7.3,1.82,346.335,2.42,1.82,110.45,1,6,green,green,green
274,CC1=C(C(C(=C(N1)C)C(=O)OCC(C)C)c2ccccc2N(=O)=O)C(=O)OC,63675-72-9,neutral,15.0,3.06,388.414,3.395,3.06,110.45,1,6,yellow,green,yellow
275,CCOC(=O)C1=C(NC(=C(C1c2cccc(c2)N(=O)=O)C(=O)OC)C)C,39562-70-4,neutral,25.0,2.17,360.361,2.97,2.17,110.45,1,6,green,green,yellow
276,C(C(CO[N+](=O)[O-])O[N+](=O)[O-])O[N+](=O)[O-],55-63-0,neutral,194.3,0.26,227.087,-0.466,0.94,157.11,0,9,green,green,green
277,CCCCC(C)(C)[C@H](/C=C\[C@H]1[C@H](C[C@@H]([C@H]1C/C=C/CCCC(=O)O)Cl)O)O,79360-43-3,acidic,13.2,1.86,400.98,4.145,4.71,77.76,2,4,yellow,yellow,green
278,CN1Cc2c(cccc2N)C(C1)c3ccccc3,24526-64-5,basic,22.0,1.13,238.328,2.355,2.62,29.26,1,0,green,green,green
279,CNCCC=C1c2ccccc2CCc3c1cccc3,72-69-5,basic,10.0,1.58,263.377,4.351,4.43,12.03,1,0,yellow,green,green
280,Cc1cnc(c(c1OC)C)CS(=O)c2[nH]c3ccc(cc3n2)OC,73590-58-6,neutral,8.4,2.43,345.416,1.974,2.43,77.1,1,5,green,green,yellow
281,Cc1nccn1CC2CCc3c(c4ccccc4n3C)C2=O,99614-02-5,neutral,5.8,2.11,293.363,2.482,2.35,39.82,0,2,green,green,yellow
282,c1ccc(cc1)C2=NC(C(=O)Nc3c2cc(cc3)Cl)O,604-75-1,neutral,1.1,2.92,286.713,2.313,2.92,61.69,2,3,green,green,yellow
283,CC(C)NC[C@H](COc1ccccc1OCC=C)O,6452-71-7,basic,7.2,-0.06,265.348,2.026,2.17,50.72,2,3,green,green,green
284,CCN(CC)CC#CCOC(=O)C(c1ccccc1)(C2CCCCC2)O,5633-20-5,basic,5.1,3.06,357.486,3.956,4.44,49.77,1,3,yellow,green,yellow
285,CN1CC[C@]23c4c5ccc(c4O[C@H]2C(=O)CC[C@]3([C@H]1C5)O)OC,76-42-6,basic,6.1,0.16,315.364,1.439,1.03,59.0,1,4,green,green,green
286,CC1=C2[C@H](C(=O)[C@@]3([C@H](C[C@@H]4[C@]([C@H]3[C@@H]([C@@](C2(C)C)(C[C@@H]1OC(=O)[C@@H]([C@H](c5ccccc5)NC(=O)c6ccccc6)O)O)OC(=O)c7ccccc7)(CO4)OC(=O)C)O)C)OC(=O)C,33069-62-4,neutral,6.4,3.54,853.906,4.964,3.54,221.29,4,14,yellow,red,yellow
287,COc1ccnc(c1OC)CS(=O)c2[nH]c3cc(ccc3n2)OC(F)F,102625-70-7,neutral,2.2,2.17,383.37,2.556,2.18,86.33,1,6,green,green,yellow
288,COc1ccc(cc1OC)Cc2c3cc(c(cc3ccn2)OC)OC,58-74-2,neutral,11.0,3.06,339.385,3.278,3.08,49.81,0,5,yellow,green,yellow
289,C[C@H](/C=C/[C@H](C)C(C)(C)O)[C@H]1CC[C@@H]\2[C@@]1(CCC/C2=C\C=C3C[C@H](C[C@@H](C3)O)O)C,131918-61-1,neutral,0.89,4.26,416.636,5.741,4.26,60.69,3,3,yellow,yellow,red
290,c1cc(ccc1[C@@H]2CCNC[C@H]2COc3ccc4c(c3)OCO4)F,61869-08-7,basic,18.0,0.83,329.365,3.006,3.15,39.72,1,3,yellow,green,green
291,CCn1cc(c(=O)c2c1cc(c(c2)F)N3CCN(CC3)C)C(=O)O,70458-92-3,acidic,2.0,0.16,333.357,0.105,0.87,65.78,0,3,green,green,green
292,CC1([C@@H](N2[C@H](S1)[C@@H](C2=O)NC(=O)Cc3ccccc3)C(=O)O)C,61-33-6,acidic,6.9,-2.29,334.39,2.291,1.08,86.71,1,4,green,green,green
293,c1cc(ccc1C(=N)N)OCCCCCOc2ccc(cc2)C(=N)N,100-33-4,basic,74.0,-2.5,340.419,2.345,2.32,118.2,4,2,green,green,green
294,CC(=O)CCCCn1c(=O)c2c(ncn2C)n(c1=O)C,6493-05-6,neutral,39.0,0.23,278.307,0.3,0.23,78.89,0,4,green,green,green
295,c1ccc2c(c1)N(c3cc(ccc3S2)Cl)CCCN4CCN(CC4)CCO,58-39-9,basic,27.0,2.82,403.969,4.035,3.69,29.95,1,1,yellow,yellow,yellow
296,c1ccc(cc1)C2(CCCCC2)N3CCCCC3,77-10-1,basic,5.1,1.44,243.387,4.1,4.49,3.24,0,0,yellow,green,green
297,Cc1ccc(cc1)N(CC2=NCCN2)c3cccc(c3)O,50-60-2,basic,42.0,1.3,281.352,2.795,2.47,47.86,2,2,green,green,green
298,Cc1c(c(=O)oc2c1ccc(c2)OCCCN3CCN(CC3)Cc4ccc(cc4)Cl)C,39577-19-0,basic,1.3,3.82,440.962,4.409,4.57,45.92,0,3,yellow,yellow,yellow
299,CC(C)NCC(COc1cccc2c1cc[nH]2)O,13523-86-9,basic,7.7,-0.53,248.321,1.902,1.69,57.28,3,2,green,green,green
300,CN(CCc1ccc2c(c1)OCO2)CCC(=O)/C=C/c3ccc(cc3)O,712260-52-1,basic,713.0,2.75,353.412,4.015,3.52,59.0,1,4,yellow,green,yellow
301,C[C@H]1[C@H]([C@H](C[C@H](O1)O[C@H]2C[C@@](Cc3c2c(c4c(c3O)C(=O)c5cccc(c5C4=O)OC)O)(C(=O)CO)O)N)O[C@@H]6CCCCO6,72496-41-4,basic,57.7,1.67,627.636,1.827,2.47,204.3,5,12,green,red,green
302,c1cc(c2c(c1NCCN)C(=O)c3ccncc3C2=O)NCCN,144510-96-3,basic,17.7,-3.24,325.365,-1.153,0.35,123.13,4,3,green,green,green
303,CS(=O)(=O)OCCN(CCBr)c1c(cc(cc1N(=O)=O)N(=O)=O)C(=O)NCCOP(=O)(O)O,851627-62-8,acidic,44.8,-2.95,579.271,0.502,0.32,234.11,3,12,green,red,green
304,CC(C)NC[C@@H](COc1ccc(cc1)O)O,57526-81-5,basic,22.4,-0.92,225.284,1.617,0.79,61.72,3,3,green,green,green
305,CC(CCCN)Nc1cc(cc2c1nccc2)OC,90-34-6,basic,5.8,-0.96,259.347,1.746,1.64,60.17,2,2,green,green,green
306,CN(C)CCCN1c2ccccc2Sc3c1cccc3,58-40-2,basic,14.0,2.14,284.419,4.104,3.93,6.48,0,0,yellow,green,yellow
307,CC(CN1c2ccccc2Sc3c1cccc3)N(C)C,60-87-7,basic,14.0,2.64,284.419,4.117,4.29,6.48,0,0,yellow,green,yellow
308,CCCNCC(COc1ccccc1C(=O)CCc2ccccc2)O,54063-53-5,basic,16.0,1.34,341.444,3.221,3.54,58.56,2,3,yellow,green,green
309,CCCOC(c1ccccc1)(c2ccccc2)C(=O)OC3CCN(CC3)C,60569-19-9,basic,2.94,2.92,367.481,3.854,4.25,38.77,0,3,yellow,green,yellow
310,CC(C)c1cccc(c1O)C(C)C,2078-54-8,neutral,36.0,4.16,178.271,3.498,4.16,20.23,1,1,yellow,green,red
311,CCC(=O)O[C@](Cc1ccccc1)(c2ccccc2)[C@H](C)CN(C)C,469-62-5,basic,15.0,2.8,339.471,4.065,4.9,29.54,0,2,yellow,green,yellow
312,CC(C)NCC(COc1cccc2c1cccc2)O,525-66-6,basic,12.0,0.36,259.343,2.885,2.58,41.49,2,2,green,green,green
313,COc1ccc2c(c1)c(ccn2)[C@@H]([C@H]3C[C@@H]4CCN3C[C@@H]4C=C)O,56-54-2,basic,4.0,0.86,324.417,2.769,2.51,45.59,1,3,green,green,green
314,COc1ccc2c(c1)c(ccn2)[C@H]([C@@H]3C[C@@H]4CCN3C[C@@H]4C=C)O,130-95-0,basic,1.9,0.86,324.417,2.769,2.51,45.59,1,3,green,green,green
315,CC[C@@H]1C(=O)N2CCC[C@H]2C(=O)N(C(C(=O)N3C[C@H](C(=O)C[C@H]3C(=O)N[C@H](C(=O)O[C@@H]([C@@H](C(=O)N1)NC(=O)c4c(cccn4)O)C)c5ccccc5)CS[C@@H]6CN7CCC6CC7)Cc8ccc(cc8)N(C)C)C,120138-50-3,basic,16.0,2.07,1022.218,3.079,1.97,231.2,4,11,green,red,yellow
316,Cc1c(ccnc1CS(=O)c2[nH]c3ccccc3n2)OCCCOC,117976-89-3,neutral,4.0,2.09,359.443,1.609,2.09,77.1,1,5,green,green,yellow
317,CCN1CCC[C@H]1CNC(=O)c2c(c(cc(c2OC)Cl)Cl)O,84225-95-6,zwitterionic,1.2,2.03,347.237,3.475,1.3,61.8,2,3,green,green,yellow
318,Cc1cccc(c1NC(=O)CN2CCN(CC2)C[C@H](COc3ccccc3OC)O)C,95635-55-5,neutral,9.5,2.63,427.537,2.427,1.53,74.27,2,4,green,yellow,yellow
319,CCOc1ccccc1O[C@H](c2ccccc2)[C@H]3CNCCO3,71620-89-8,basic,0.82,2.65,313.391,3.701,3.28,39.72,1,3,yellow,green,yellow
320,CCC(=O)N(c1ccccc1)C2(CCN(CC2)CCC(=O)OC)C(=O)OC,132875-61-7,basic,37.0,1.16,376.447,1.583,1.52,76.15,0,5,green,green,green
321,CCN1CCC[C@H]1CNC(=O)c2c(ccc(c2OC)Br)OC,80125-14-0,basic,1.7,1.3,371.269,3.093,2.34,50.8,1,3,green,green,green
322,CCOc1cc(ccc1C(=O)O)CC(=O)N[C@@H](CC(C)C)c2ccccc2N3CCCCC3,135062-02-1,acidic,7.8,1.95,452.586,5.63,3.92,78.87,1,4,yellow,yellow,green
323,c1ccc2c(c1)CC[C@@H](O2)CNCCCCN3C(=O)c4ccccc4S3(=O)=O,144980-29-0,basic,2.2,0.88,400.491,3.48,3.07,75.71,1,4,yellow,yellow,green
324,Cc1c(c2c3c4c1O[C@@](C4=O)(O/C=C/[C@@H]([C@H]([C@H]([C@@H]([C@@H]([C@@H]([C@H]([C@H](/C=C/C=C(/C(=O)NC(=C5C3=NC6(N5)CCN(CC6)CC(C)C)C2=O)\C)C)O)C)O)C)OC(=O)C)C)OC)C)O,72559-06-9,zwitterionic,2.4,3.71,847.005,4.226,4.15,205.55,5,12,yellow,red,yellow
325,c1cc2c(cc1OC(F)(F)F)sc(n2)N,1744-22-5,neutral,11.3,3.4,234.198,4.053,3.4,48.14,1,2,yellow,green,yellow
326,Cc1c(c(=O)n2c(n1)CCCC2)CCN3CCC(CC3)c4c5ccc(cc5on4)F,106266-06-2,basic,5.4,1.25,410.484,2.262,2.63,64.16,0,4,green,yellow,green
327,Cc1c(c(=O)n2ccsc2n1)CCN3CCC(=C(c4ccc(cc4)F)c5ccc(cc5)F)CC3,87051-43-2,basic,0.51,4.61,477.569,6.068,5.31,37.61,0,2,red,yellow,red
328,C[C@H]([C@H](c1ccc(cc1)O)O)NCCc2ccc(cc2)O,26652-09-5,basic,31.0,0.51,287.354,2.752,1.75,72.72,4,3,green,green,green
329,CCN(C)C(=O)Oc1cccc(c1)[C@H](C)N(C)C,123441-03-2,basic,12.0,0.91,250.337,2.45,2.41,32.78,0,2,green,green,green
330,CN(C)CCc1c[nH]c2c1cc(cc2)Cn3cncn3,144034-80-0,basic,16.0,-0.37,269.345,1.732,1.77,49.74,1,2,green,green,green
331,Cc1cccc(c1C(=O)N[C@@H](Cc2ccc(cc2)NC(=O)c3c(cncc3Cl)Cl)C(=O)O)Cl,1160849-72-8,acidic,3.7,1.57,506.766,4.176,4.95,108.39,2,5,yellow,red,green
332,CS(=O)(=O)c1ccc(cc1)C2=C(C(=O)OC2)c3ccccc3,162011-90-7,neutral,2.0,2.56,314.356,2.798,2.56,60.44,0,4,green,green,yellow
333,c1cc(c(cc1C(=O)Nc2c(cncc2Cl)Cl)OCC3CC3)OC(F)F,162401-32-3,neutral,2.2,4.45,403.207,4.073,3.15,60.45,1,4,yellow,yellow,red
334,COc1ccc(cc1OC2CCCC2)[C@H]3CC(=O)NC3,61413-54-5,neutral,6.3,1.96,275.343,2.111,1.96,47.56,1,3,green,green,green
335,CCCn1c2c(c(=O)n(c1=O)CCC)[nH]c(n2)C34CC5CC(C3)CC4C5,136199-02-5,neutral,5.0,3.15,356.462,3.678,3.27,72.68,1,3,yellow,green,yellow
336,C/C=C\1/C(=O)N[C@H](C(=O)O[C@H]\2CC(=O)N[C@@H](C(=O)N[C@H](CSSCC/C=C2)C(=O)N1)C(C)C)C(C)C,128517-07-7,neutral,7.4,1.08,540.696,1.451,1.08,142.7,4,6,green,red,green
337,CCCN(CCC)CCc1cccc2c1CC(=O)N2,91374-21-9,basic,30.0,0.36,260.375,3.832,3.06,32.34,1,1,yellow,green,green
338,CCCN1CCCC[C@H]1C(=O)Nc2c(cccc2C)C,84057-95-4,basic,5.5,3.51,274.401,3.289,2.77,32.34,1,1,green,green,yellow
339,Cn1c2ccccc2c(c(c1=O)C(=O)N(C)c3ccccc3)O,84088-42-6,acidic,0.08,0.22,308.331,1.53,1.59,62.54,1,3,green,green,green
340,CC[C@@H]1[C@H]([C@H]2[C@@](O2)(C=CC(=O)[C@@H](C[C@@H]([C@@H]([C@H]([C@@H](CC(=O)O1)O)C)O[C@H]3[C@H]([C@H](C[C@H](O3)C)N(C)C)O)CC=O)C)C)C,35834-26-5,basic,2.83,2.21,581.738,2.979,2.68,135.13,2,9,green,red,yellow
341,CN(CCOc1ccc(cc1)CC2C(=O)NC(=O)S2)c3ccccn3,122320-73-4,acidic,0.65,2.21,357.427,2.814,2.0,71.53,1,4,green,green,yellow
342,CC(C)c1c(c(nc(n1)N(C)S(=O)(=O)C)c2ccc(cc2)F)/C=C/[C@H](C[C@H](CC(=O)O)O)O,287714-41-4,acidic,11.0,-1.24,481.538,2.587,1.92,140.92,2,8,green,yellow,green
343,CCC[N@](CCc1cccs1)[C@H]2CCc3c(cccc3O)C2,99755-59-6,basic,37.0,2.21,315.473,5.172,4.3,23.47,1,1,yellow,green,yellow
344,CN(c1nc2ccccc2s1)C3CCN(CC3)C[C@H](COc4ccc(cc4)F)O,104383-17-7,basic,4.05,3.46,415.524,4.711,4.09,48.83,1,3,yellow,yellow,yellow
345,CC(C)(C)NC(=O)[C@@H]1C[C@@H]2CCCC[C@@H]2CN1C[C@H]([C@H](Cc3ccccc3)NC(=O)[C@H](CC(=O)N)NC(=O)c4ccc5ccccc5n4)O,127779-20-8,basic,13.0,2.05,670.841,3.622,3.16,166.75,5,6,yellow,red,yellow
346,CN1[C@@H]2C[C@H](C[C@H]1[C@H]3[C@@H]2O3)OC(=O)[C@H](CO)c4ccccc4,51-34-3,neutral,16.0,0.76,303.353,1.459,0.89,62.3,1,4,green,green,green
347,CC(Cc1ccccc1)N(C)CC#C,2323-36-6,basic,20.0,1.55,187.281,2.331,2.85,3.24,0,0,green,green,green
348,CCCc1c2c(c(=O)[nH]c(n2)c3cc(ccc3OCC)S(=O)(=O)N4CCN(CC4)C)n(n1)C,139755-83-2,neutral,9.0,1.31,474.576,1.933,1.35,113.42,1,6,green,yellow,green
349,c1ccc2c(c1)C(=O)N(CO2)CCON(=O)=O,143248-63-9,neutral,29.59,1.29,238.197,1.71,1.29,84.59,0,5,green,green,green
350,c1ccc(cc1)[C@H]2c3ccccc3CCN2C(=O)O[C@H]4CN5CCC4CC5,242478-37-1,basic,2.1,2.47,362.465,4.268,3.96,32.78,0,2,yellow,green,yellow
351,CCOC(=O)[C@H](CCc1ccccc1)N[C@H](C)C(=O)N2CC3(C[C@H]2C(=O)O)SCCS3,47-97-6,acidic,11.9,-0.03,466.614,2.503,1.57,95.94,1,5,green,yellow,green
352,CCC(=O)N(c1ccccc1)C2(CCN(CC2)CCc3cccs3)COC,56030-54-7,basic,15.0,2.13,386.551,3.566,3.61,32.78,0,2,yellow,green,yellow
353,Cc1cc(no1)NS(=O)(=O)c2ccc(cc2)N,723-46-6,acidic,0.36,0.0,253.278,1.06,0.79,98.22,2,4,green,green,green
354,c1ccnc(c1)NS(=O)(=O)c2ccc(cc2)/N=N/c3ccc(c(c3)C(=O)O)O,599-79-1,acidic,0.26,0.25,398.393,3.907,3.94,141.31,2,8,yellow,green,green
355,CC(c1ccc(cc1)C(=O)c2cccs2)C(=O)O,40828-46-4,acidic,0.76,0.37,260.308,2.989,3.53,54.37,0,3,yellow,green,green
356,c1ccc2c(c1)c(c3c(n2)CCCC3)N,321-64-2,basic,56.0,1.25,198.264,2.989,2.63,38.91,1,1,green,green,green
357,C[C@@H]1C[C@@H]([C@@H]2[C@H](C[C@H]([C@@](O2)(C(=O)C(=O)N3CCCC[C@H]3C(=O)O[C@@H]([C@@H]([C@H](CC(=O)[C@@H](/C=C(\C1)/C)CC=C)O)C)/C(=C/[C@@H]4CC[C@H]([C@@H](C4)OC)O)/C)O)C)OC)OC,104987-11-3,neutral,0.7,5.59,804.018,4.205,5.59,178.36,3,12,red,red,red
358,CCCCCNC(=N)N/N=C/c1c[nH]c2c1cc(cc2)OC,145158-71-0,basic,18.0,1.84,301.387,3.82,2.95,85.29,4,2,green,green,green
359,c1cc(c(c(c1)F)F)[C@@H]2CC[C@H](C(=O)N(C2)CC(F)(F)F)NC(=O)N3CCC(CC3)n4c5cccnc5[nH]c4=O,781649-09-0,neutral,5.8,2.63,566.523,4.341,2.63,103.33,2,4,green,red,yellow
360,CC[C@@H]1[C@@]2([C@@H]([C@H](C(=O)[C@@H](C[C@@]([C@@H]([C@H](C(=O)[C@H](C(=O)O1)C)C)O[C@H]3[C@@H]([C@H](C[C@H](O3)C)N(C)C)O)(C)OC)C)C)N(C(=O)O2)CCCCn4cc(nc4)c5cccnc5)C,191114-48-4,zwitterionic,14.0,5.11,812.004,4.364,5.37,171.85,1,12,red,red,red
361,CN(C)CCN(Cc1cccs1)c2ccccn2,91-80-5,basic,28.0,1.73,261.386,2.673,3.11,19.37,0,1,yellow,green,green
362,CCOC(=O)[C@@]1(CCC=C[C@H]1N(C)C)c2ccccc2,51931-66-9,basic,16.0,2.13,273.37,3.1,3.35,29.54,0,2,yellow,green,yellow
363,c1cc(c(c2c1nsn2)NC3=NCCN3)Cl,51322-75-9,basic,11.0,1.68,253.711,2.793,2.02,62.2,2,3,green,green,green
364,C[C@@H]1CCN(C[C@@H]1N(C)c2c3cc[nH]c3ncn2)C(=O)CC#N,477600-75-2,neutral,5.88,1.01,312.37,1.27,1.24,88.91,1,4,green,green,green
365,CN(C)CCNc1ccc2c3c1C(=O)c4ccncc4-c3nn2CCNCCO,156090-18-5,basic,27.0,-1.84,394.47,0.961,0.81,95.31,3,4,green,green,green
366,Cc1cccc(c1)Nc2ccncc2S(=O)(=O)NC(=O)NC(C)C,56211-40-6,acidic,0.53,1.12,348.42,2.177,1.86,100.19,3,4,green,green,green
367,Cc1cc(n[nH]1)Nc2cc(nc(n2)Sc3ccc(cc3)NC(=O)C4CC4)N5CCN(CC5)C,639089-54-6,neutral,18.4,4.37,464.586,2.903,4.62,102.07,3,4,yellow,yellow,red
368,Cc1cc2c(c(c1OC)O)[C@@H]3[C@@H]4[C@H]5c6c(c7c(c(c6OC(=O)C)C)OCO7)[C@@H](N4[C@H]([C@H](C2)N3C)O)COC(=O)[C@@]8(CS5)c9cc(c(cc9CCN8)O)OC,114899-77-3,basic,12.0,3.71,761.837,2.319,3.99,168.72,4,11,yellow,red,yellow
369,CN(C)C[C@H]1CCCC[C@@]1(c2cccc(c2)OC)O,27203-92-5,basic,6.5,0.62,263.375,2.559,2.45,32.7,1,2,green,green,green
370,CCOC(=O)[C@H](CCc1ccccc1)N[C@@H](C)C(=O)N2[C@@H]3CCCC[C@@H]3C[C@H]2C(=O)O,87679-37-6,acidic,12.5,0.29,430.537,2.778,1.93,95.94,1,5,green,yellow,green
371,CCCCC[C@H](CC[C@H]1[C@@H]2Cc3cccc(c3C[C@@H]2C[C@@H]1O)OCC(=O)O)O,81846-19-7,acidic,10.7,0.72,390.513,3.495,4.0,86.99,2,5,yellow,green,green
372,c1ccc(cc1)c2c(nc3c(n2)c(nc(n3)N)N)N,396-01-0,neutral,63.0,1.11,253.263,0.595,1.11,129.62,3,4,green,green,green
373,c1cc(c(nc1)/C=N/NC(=S)N)N,143621-35-6,neutral,0.41,0.29,195.245,0.082,0.29,89.32,3,2,green,green,green
374,Cc1nnc2n1-c3ccc(cc3C(=NC2)c4ccccc4Cl)Cl,28911-01-5,neutral,3.0,3.63,343.21,3.125,2.89,43.07,0,3,green,green,yellow
375,CC(C)(COC(=O)N1CCN(CC1)c2nc3c(cc(c(c3OC)OC)OC)c(n2)N)O,35795-16-5,neutral,0.96,1.19,435.474,1.008,1.2,132.5,2,8,green,yellow,green
376,Cc1c(ccc2c1c(nc(n2)N)N)CNc3cc(c(c(c3)OC)OC)OC,52128-35-5,basic,0.77,1.91,369.418,2.503,2.28,117.54,3,5,green,green,green
377,CC(CN1c2ccccc2CCc3c1cccc3)CN(C)C,739-71-9,basic,16.0,2.75,294.434,4.19,4.76,6.48,0,0,yellow,green,yellow
378,Cn1c(cc(=O)n(c1=O)C)NCCCN2CCN(CC2)c3ccccc3OC,34661-75-1,basic,3.1,0.39,387.476,1.141,1.18,71.74,1,3,green,green,green
379,Cc1c(c(no1)c2ccccc2)c3ccc(cc3)S(=O)(=O)N,181695-72-7,neutral,1.4,2.82,314.359,2.785,2.82,86.19,1,4,green,green,yellow
380,CCCC(CCC)C(=O)O,99-66-1,acidic,0.16,0.56,144.211,2.244,2.8,37.3,0,2,green,green,green
381,C/C=C/C[C@@H](C)C(=O)[C@H]1C(=O)N[C@H](C(=O)N(CC(=O)N([C@H](C(=O)N[C@H](C(=O)N([C@H](C(=O)N[C@H](C(=O)N[C@@H](C(=O)N([C@@H](C(=O)N([C@H](C(=O)N([C@H](C(=O)N1C)C(C)C)C)CC(C)C)C)CC(C)C)C)C)C)CC(C)C)C)C(C)C)CC(C)C)C)C)C(C)C,121584-18-7,neutral,2.6,4.74,1214.622,4.792,4.74,275.64,4,12,yellow,red,red
382,CCCc1nc(c2n1nc([nH]c2=O)c3cc(ccc3OCC)S(=O)(=O)N4CCN(CC4)CC)C,224785-90-4,neutral,13.0,1.07,488.603,3.201,1.11,112.9,1,6,green,yellow,green
383,CN(C)CC(c1ccc(cc1)OC)C2(CCCCC2)O,93413-69-5,basic,14.0,1.22,277.402,3.102,2.74,32.7,1,2,green,green,green
384,CC(C)C(CCCN(C)CCc1ccc(c(c1)OC)OC)(C#N)c2ccc(c(c2)OC)OC,52-53-9,basic,18.0,2.79,454.602,4.689,5.04,63.95,0,5,red,yellow,yellow
385,COc1ccc(cc1OC)CCO[C@@H]2CCCC[C@H]2N3CC[C@H](C3)O,794466-70-9,basic,8.29,0.28,349.464,3.251,2.51,51.16,1,4,green,green,green
386,c1nc2c(=O)[nH]c(nc2n1COCCO)N,365538,neutral,1.1,-1.55,225.205,-1.47,-1.55,119.05,3,5,green,green,green
387,CC(c1cccc(c1)C(=O)c2ccccc2)C(=O)O,16591,acidic,1.1,0.39,254.281,2.85,3.61,54.37,0,3,yellow,green,green
388,CC(C)(C)NCC(COc1cccc2c1C[C@@H]([C@@H](C2)O)O)O,27570,basic,1.1,-1.44,309.401,1.654,0.87,81.95,4,4,green,green,green
389,CC1CCCC(N1CCCC(c2ccccc2)(c3ccccn3)O)C,86259,basic,1.1,2.09,338.486,4.092,4.22,36.36,1,2,yellow,green,yellow
390,c1cc(ccc1O)OCC(CNCCNC(=O)N2CCOCC2)O,122859,basic,1.1,-1.97,339.387,0.358,-0.82,103.29,4,5,green,green,green
391,c1cn(c(=O)nc1N)[C@H]2CC[C@H](O2)CO,65494,neutral,1.1,-1.19,211.218,-0.333,-1.19,90.37,2,4,green,green,green
392,CCCCc1ncc(n1Cc2ccc(cc2)C(=O)O)/C=C(\Cc3cccs3)/C(=O)O,54211,acidic,1.2,0.3,424.513,4.444,3.04,92.42,0,5,yellow,yellow,green
393,Cc1c(cc(c(=O)[nH]1)C#N)c2ccncc2,380567,neutral,1.2,0.12,211.219,0.715,0.33,69.54,1,3,green,green,green
394,CC(C)c1nc(cs1)CN(C)C(=O)N[C@@H](C(C)C)C(=O)N[C@@H](Cc2ccccc2)C[C@@H]([C@H](Cc3ccccc3)NC(=O)OCc4cncs4)O,88100,neutral,1.2,5.22,720.944,6.732,5.22,145.78,4,7,red,red,red
395,CC(C)(C)NCC(c1cc(cc(c1)O)O)O,583322,basic,1.2,-0.73,225.284,1.148,0.34,72.72,4,3,green,green,green
396,COc1cc(cc(c1OC)OC)Cc2cnc(nc2N)N,1216,neutral,1.2,1.1,290.318,0.935,1.28,105.51,2,5,green,green,green
397,COc1cc2c(cc1C(=O)NCC3CCCN3CC=C)nn[nH]2,57186,basic,1.3,0.82,315.37,2.09,1.03,83.14,2,4,green,green,green
398,C[C@@H]1C(=O)O[C@@H]2[C@]1([C@@]34C(=O)O[C@H]5[C@]3([C@H]2O)[C@@]6([C@@H](C5)C(C)(C)C)[C@H](C(=O)O[C@H]6O4)O)O,466506,neutral,1.3,-0.58,424.399,-2.648,-0.58,148.82,3,10,green,yellow,green
399,CCC(=O)C(CC(C)N(C)C)(c1ccccc1)c2ccccc2,27576,basic,1.3,3.29,309.445,3.789,5.01,20.31,0,1,red,green,yellow
400,Cc1c(c2c3c4c1O[C@@](C4=O)(O/C=C/[C@@H]([C@H]([C@H]([C@@H]([C@@H]([C@@H]([C@H]([C@H](/C=C/C=C(\C(=O)Nc(c2O)c(c3O)/C=N/N5CCN(CC5)C)/C)C)O)C)O)C)OC(=O)C)C)OC)C)O,365189,zwitterionic,1.3,2.76,822.94,2.983,2.72,220.15,6,13,green,red,yellow
401,c1c(c(cc(c1F)F)F)C[C@H](CC(=O)N2CCn3c(nnc3C(F)(F)F)C2)N,363589,basic,1.3,-0.14,407.314,-0.556,1.26,77.04,1,3,green,yellow,green
402,c1cc(c(cc1F)F)n2cc(c(=O)c3c2nc(c(c3)F)N4C[C@@H]5[C@H](C4)[C@H]5N)C(=O)O,1616,zwitterionic,1.3,0.14,416.353,0.182,-1.53,100.93,1,4,green,yellow,green
403,CC1([C@@H](N2[C@H](S1)[C@@H](C2=O)NC(=O)[C@@H](c3ccc(cc3)O)N)C(=O)O)C,143284,zwitterionic,1.4,-2.57,365.404,0.645,-3.8,132.96,3,5,green,green,green
404,CC(C)NCC(COc1ccc(cc1)COCCOC(C)C)O,27417,basic,1.4,-0.03,325.443,2.23,2.2,59.95,2,4,green,green,green
405,c1c2c(cc(c1F)N3CCNCC3)n(cc(c2=O)C(=O)O)C4CC4,241,zwitterionic,1.4,-0.81,331.342,-0.181,-1.38,74.57,1,3,green,green,green
406,c1cn(c(=O)nc1N)[C@@H]2CS[C@@H](O2)CO,33986,neutral,1.4,-1.1,229.256,-0.688,-1.1,90.37,2,4,green,green,green
407,C[C@](Cc1ccc(c(c1)O)O)(C(=O)O)N,3730,zwitterionic,1.4,-1.37,211.215,-0.807,-1.5,103.78,3,4,green,green,green
408,Cc1cccc(c1NC(=O)C(C)N)C,583520,basic,1.4,1.0,192.258,0.297,0.58,55.12,2,1,green,green,green
409,c1ccn2c(c1)nn(c2=O)CCCN3CCN(CC3)c4cccc(c4)Cl,26401,neutral,1.4,2.96,371.864,3.606,3.13,45.78,0,2,yellow,green,yellow
410,c1c2c(c(c(c1F)N3CCC(C3)N)Cl)n(cc(c2=O)C(=O)O)C4CC4,15472,zwitterionic,1.5,-0.42,365.787,-0.361,-2.09,88.56,1,3,green,green,green
411,CN[C@@H]1CCc2c(c3cc(ccc3[nH]2)C(=O)N)C1,250328,basic,1.5,-1.74,243.304,1.6,1.08,70.91,3,1,green,green,green
412,C[C@H]([C@@H]1[C@H]2CC(=C(N2C1=O)C(=O)O)SCCNC=N)O,43934,zwitterionic,1.5,-3.8,299.346,0.317,-5.54,113.72,3,4,green,green,green
413,CC1([C@@H](N2[C@H](S1)[C@@H](C2=O)NC(=O)[C@@H](c3ccccc3)N)C(=O)O)C,305519,zwitterionic,1.6,-2.26,349.405,0.9,-3.5,112.73,2,4,green,green,green
414,COc1ccc2c(c1)c(ccn2)[C@H]([C@@H]3CC4CCN3C[C@@H]4C=C)O,371643,basic,1.6,0.86,324.417,3.043,2.51,45.59,1,3,green,green,green
415,Cc1ccsc1C(=CCCN2CCC[C@H](C2)C(=O)O)c3c(ccs3)C,122170,zwitterionic,1.6,2.6,375.548,4.634,2.47,40.54,0,2,green,green,yellow
416,c1nc2c(=O)[nH]c(nc2n1CCC(CO)CO)N,430597,neutral,1.7,-2.07,253.258,-1.673,-2.07,130.05,4,5,green,green,green
417,CCN(CC)CCCC(C)Nc1ccnc2c1ccc(c2)Cl,6579,basic,1.8,0.88,319.872,4.534,3.93,28.16,1,1,yellow,green,green
418,C1[C@@H]2N(C1=O)[C@H](/C(=C/CO)/O2)C(=O)O,44876,acidic,1.8,-4.94,199.161,-0.788,-1.52,87.07,1,5,green,green,green
419,C1[C@@H]([C@@H]2[C@H](O1)[C@@H](CO2)O[N+](=O)[O-])O,263453,neutral,1.9,-0.71,191.139,0.143,-0.48,91.06,1,6,green,green,green
420,COc1c2c(cc(c1N3C[C@@H]4CCCN[C@@H]4C3)F)c(=O)c(cn2C5CC5)C(=O)O,1788,zwitterionic,1.9,-0.49,401.431,0.164,-1.75,83.8,1,4,green,yellow,green
421,Cc1c(c2c3c4c1O[C@@](C4=O)(O/C=C/[C@@H]([C@H]([C@H]([C@@H]([C@@H]([C@@H]([C@H]([C@H](/C=C/C=C(\C(=O)NC(=C5C3=NC6(N5)CCN(CC6)CC(C)C)C2=O)/C)C)O)C)O)C)OC(=O)C)C)OC)C)O,397074,zwitterionic,2.0,3.71,847.005,4.226,4.15,205.55,5,12,yellow,red,yellow
422,CN(C)CCC(c1ccc(cc1)Cl)c2ccccn2,10358,basic,2.1,1.52,274.788,3.628,3.58,16.13,0,1,yellow,green,green
423,CN(CCc1ccc(cc1)NS(=O)(=O)C)CCOc2ccc(cc2)NS(=O)(=O)C,5638,basic,2.1,-1.05,441.565,3.197,0.24,104.81,2,5,green,yellow,green
424,c1cc(ccc1[C@H]([C@@H](CO)NC(=O)C(Cl)Cl)O)[N+](=O)[O-],27340,neutral,2.2,0.69,323.129,1.429,0.88,112.7,3,5,green,green,green
425,COc1ccnc(c1OC)C[S+](c2[nH]c3ccc(cc3n2)OC(F)F)[O-],419598,neutral,2.2,2.17,383.37,3.254,2.18,92.32,1,6,green,green,yellow
426,CNC(=C[N+](=O)[O-])NCCSCc1ccc(o1)CN(C)C,1153672,zwitterionic,2.2,0.23,314.404,1.158,0.98,83.58,2,3,green,green,green
427,Cc1cccc(c1NC(=O)NCCCNC(C)C)C,565350,basic,2.2,-0.23,263.379,2.544,1.3,53.16,3,1,green,green,green
428,C[C@]12C[C@@H]([C@H]3[C@H]([C@@H]1CC[C@@]2(C(=O)CO)O)CCC4=CC(=O)C=C[C@]34C)O,27370,neutral,2.3,1.27,360.444,0.669,1.27,94.83,3,5,green,green,green
429,C[C@@H]1CN(C[C@@H](N1)C)c2c(c(c3c(c2F)n(cc(c3=O)C(=O)O)C4CC4)N)F,65351,zwitterionic,2.3,-0.04,392.4,-0.406,-0.7,100.59,2,3,green,green,green
430,CC(C)(C)NCC(COc1ccc(cc1)NC(=O)NC2CCCCC2)O,255378,basic,2.3,0.49,363.494,3.451,2.8,82.62,4,3,green,green,green
431,C[n+]1cccc(c1)OC(=O)N(C)C,157330,neutral,2.4,-3.47,181.212,-1.232,-3.47,33.42,0,2,green,green,green
432,CN/C(=C\[N+](=O)[O-])/NCCSCc1csc(n1)CN(C)C,27604,zwitterionic,2.5,0.67,331.457,1.227,0.76,83.33,2,3,green,green,green
433,C[C@]12CC(=O)[C@H]3[C@H]([C@@H]1CC[C@@]2(C(=O)CO)O)CCC4=CC(=O)C=C[C@]34C,27229,neutral,2.5,1.66,358.428,0.571,1.66,91.67,2,5,green,green,green
434,CC(C)NC[C@H](COc1ccc(cc1)CCOCC2CC2)O,793298,basic,2.7,0.31,307.428,2.73,2.54,50.72,2,3,green,green,green
435,c1cc(ccc1CCCC(=O)O)N(CCCl)CCCl,11002,acidic,2.8,1.09,304.212,3.224,3.94,40.54,0,2,yellow,green,green
436,c1cc(c(cc1OCC(F)(F)F)C(=O)NCC2CCCCN2)OCC(F)(F)F,27588,basic,2.8,1.01,414.343,3.541,3.19,59.59,2,3,yellow,yellow,green
437,CC(C)(C)NCC(c1ccc(c(c1)CO)O)O,34094,basic,2.8,-1.32,239.311,0.939,0.32,72.72,4,3,green,green,green
438,c1cc(c(c(c1)Cl)CC(=O)NC(=N)N)Cl,66029,neutral,2.9,1.67,246.093,1.379,1.74,78.97,3,1,green,green,green
439,Cc1[nH]c-2c(n1)CCN(c3c2cccc3)C(=O)c4ccc(cc4)NC(=O)c5ccccc5c6ccccc6,581850,neutral,3.0,5.25,498.574,5.503,5.31,78.09,2,3,red,yellow,red
440,CCCc1cc(=O)[nH]c(=S)[nH]1,421208,neutral,3.1,1.12,170.232,-0.136,1.2,48.65,2,1,green,green,green
441,CN1CCN(CC1)C(=O)OC2c3c(nccn3)C(=O)N2c4ccc(cn4)Cl,224263,neutral,3.2,0.69,388.808,-0.387,0.81,91.76,0,6,green,green,green
442,CN1[C@@H]2CC[C@H]1C[C@H](C2)OC(=O)C(CO)c3ccccc3,445395,basic,3.3,-0.41,289.369,2.148,1.57,49.77,1,3,green,green,green
443,CCN1CCCC1CNC(=O)c2cc(c(cc2OC)N)S(=O)(=O)CC,389011,neutral,3.4,0.09,369.479,1.19,0.25,101.73,2,4,green,green,green
444,COc1ccc2c(c1)c(ccn2)[C@@H]([C@H]3CC4CCN3C[C@@H]4C=C)O,27150,basic,3.4,0.86,324.417,3.043,2.51,45.59,1,3,green,green,green
445,c1ccc(c(c1)CC(=O)O)Nc2c(cccc2Cl)Cl,29890,acidic,3.5,1.1,296.149,3.998,4.26,49.33,1,2,yellow,green,green
446,Cc1nc(c(c(n1)Cl)NC2=NCCN2)OC,21698,basic,3.5,1.3,241.677,0.546,1.54,71.43,2,4,green,green,green
447,CNS(=O)(=O)CCc1ccc2c(c1)c(c[nH]2)C3CCN(CC3)C,250297,basic,3.5,-0.34,335.464,1.658,1.44,65.2,2,2,green,green,green
448,CN(C)C(=O)Oc1cccc(c1)[N+](C)(C)C.[Br-],79557,neutral,3.8,-2.25,303.195,-1.863,-2.25,29.54,0,2,green,green,green
449,CCC[C@@H]1C[C@H](N(C1)C)C(=O)N[C@H]([C@H](C)Cl)[C@@]2([C@@H]([C@@H]([C@H]([C@H](O2)SC)O)O)O)C,1503106,basic,3.9,0.95,439.01,2.25,1.32,102.26,4,5,green,yellow,green
450,Cc1c(ccnc1C[S+](c2[nH]c3ccccc3n2)[O-])OCCCOC,222203,neutral,4.0,2.09,359.443,2.307,2.09,83.09,1,5,green,green,yellow
451,Cc1ccc(cc1)c2c(n3cc(ccc3n2)C)CC(=O)N(C)C,80965,neutral,4.3,3.01,307.39,3.414,3.02,37.61,0,2,yellow,green,yellow
452,c1ccc(cc1)C2(CC2C3=NCCN3)c4ccccc4,139895,basic,4.4,0.69,262.349,2.713,3.0,24.39,1,1,green,green,green
453,Cc1c(ccnc1C[S+](c2[nH]c3ccccc3n2)[O-])OCC(F)(F)F,5975,neutral,4.4,3.03,369.361,2.985,3.03,73.86,1,4,yellow,green,yellow
454,COc1cc2c(cc1OC)nc(nc2N)N3CCN(CC3)C(=O)c4ccco4,97,neutral,4.5,1.43,383.401,1.494,1.65,106.95,1,6,green,green,green
455,CN(C)CCc1c[nH]c2c1cc(cc2)C[C@H]3COC(=O)N3,196215,basic,4.5,-0.09,287.357,2.274,2.04,57.36,2,2,green,green,green
456,CC[C@@H]1[C@@]([C@@H]([C@H](C(=O)[C@@H](C[C@@]([C@@H]([C@H]([C@@H]([C@H](C(=O)O1)C)O[C@H]2C[C@@]([C@H]([C@@H](O2)C)O)(C)OC)C)O[C@H]3[C@@H]([C@H](C[C@H](O3)C)N(C)C)O)(C)OC)C)C)O)(C)O,570147,basic,4.7,2.22,747.953,3.927,3.24,182.91,4,13,yellow,red,yellow
457,CCN1CC(C(C1=O)(c2ccccc2)c3ccccc3)CCN4CCOCC4,581848,neutral,5.0,3.01,378.507,2.429,3.23,32.78,0,2,yellow,green,yellow
458,c1ccc2c(c1)c(ns2)N3CCN(CC3)CCc4cc5c(cc4Cl)NC(=O)C5,33664,neutral,5.0,4.13,412.936,4.76,4.3,48.47,1,2,yellow,yellow,red
459,CCC(C)n1c(=O)n(cn1)c2ccc(cc2)N3CCN(CC3)c4ccc(cc4)OC[C@H]5CO[C@](O5)(Cn6cncn6)c7ccc(cc7Cl)Cl,27986,neutral,5.1,7.31,705.633,6.243,7.31,104.18,0,7,red,red,red
460,CC1([C@@H](N2[C@H](S1)[C@@H](C2=O)NC(=O)COc3ccccc3)C(=O)O)C,24806,acidic,5.1,-2.64,350.39,2.136,0.76,95.94,1,5,green,green,green
461,CCN(CC)C(=O)/C(=C/c1cc(c(c(c1)O)O)[N+](=O)[O-])/C#N,92412,acidic,5.3,0.27,305.286,2.422,1.63,127.7,2,6,green,green,green
462,CC[C@@H]1[C@@]([C@@H]([C@H](C(=O)[C@@H](C[C@@]([C@@H]([C@H]([C@@H]([C@H](C(=O)O1)C)O[C@H]2C[C@@]([C@H]([C@@H](O2)C)O)(C)OC)C)O[C@H]3[C@@H]([C@H](C[C@H](O3)C)N(C)C)O)(C)O)C)C)O)(C)O,12506,basic,5.3,1.57,733.927,3.49,2.6,193.91,5,13,green,red,green
463,C[C@@]12CCN([C@@H]1N(c3c2cc(cc3)OC(=O)NC)C)C,9277,neutral,5.5,2.17,275.346,2.248,2.23,44.81,1,2,green,green,yellow
464,CCN(CC)CCNC(=O)c1ccc(cc1)N,27341,basic,5.5,-0.7,235.325,1.408,0.95,58.36,2,1,green,green,green
465,CN(C)CC1CCCCC1(c2cccc(c2)OC)O,699395,basic,5.5,0.62,263.375,2.833,2.45,32.7,1,2,green,green,green
466,CC[C@H](C)C(=O)O[C@H]1C[C@H](C=C2[C@H]1[C@H]([C@H](C=C2)C)CC[C@@H]3C[C@H](CC(=O)O3)O)C,9495,neutral,6.5,3.9,404.54,4.449,3.9,72.83,1,5,yellow,yellow,yellow
467,c1ccc2c(c1)c(=O)n(c(=O)[nH]2)CCN3CCC(CC3)C(=O)c4ccc(cc4)F,3683,neutral,6.6,3.36,395.427,2.485,3.61,75.17,1,3,yellow,green,yellow
468,CC(C)(C)NC[C@@H](COc1c(nsn1)N2CCOCC2)O,8531,basic,7.1,-0.97,316.42,1.723,1.34,79.74,2,5,green,green,green
469,CCCCc1nc(c(n1Cc2ccc(cc2)c3ccccc3c4[nH]nnn4)CO)Cl,408842,acidic,7.3,2.82,422.911,4.418,4.07,92.51,2,5,yellow,yellow,yellow
470,CC1=C(C(C(=C(N1)C)C(=O)OC)c2ccccc2[N+](=O)[O-])C(=O)OC,419596,neutral,7.3,1.82,346.335,2.851,1.82,107.77,1,6,green,green,green
471,CC[C@H]1C(=O)N(CC(=O)N([C@H](C(=O)N[C@H](C(=O)N([C@H](C(=O)N[C@H](C(=O)N[C@@H](C(=O)N([C@H](C(=O)N([C@H](C(=O)N([C@H](C(=O)N([C@H](C(=O)N1)[C@@H]([C@H](C)C/C=C/C)O)C)C(C)C)C)CC(C)C)C)CC(C)C)C)C)C)CC(C)C)C)C(C)C)CC(C)C)C)C,72873,neutral,7.4,3.64,1202.611,4.719,3.64,278.8,5,12,yellow,red,yellow
472,CC[C@H](C)C(=O)O[C@H]1C[C@@H](C=C2[C@H]1[C@H]([C@H](C=C2)C)CC[C@H](C[C@H](CC(=O)O)O)O)O,178796,acidic,7.7,-1.38,424.528,2.415,1.65,124.29,3,7,green,yellow,green
473,Cn1c2ccccc2c(n1)C(=O)NC3CC4CCCC(C3)N4C,54547,basic,8.1,0.27,312.409,1.854,1.88,50.16,1,2,green,green,green
474,Cc1cnc(c(c1OC)C)C[S+](c2[nH]c3ccc(cc3n2)OC)[O-],419601,neutral,8.3,2.43,345.416,2.672,2.43,83.09,1,5,green,green,yellow
475,CCCc1nc2c(cc(cc2n1Cc3ccc(cc3)c4ccccc4C(=O)O)c5nc6ccccc6n5C)C,116949,acidic,8.3,5.02,514.617,6.93,5.29,72.94,0,4,red,red,red
476,Cc1ccc(c(c1)[C@H](CCN(C(C)C)C(C)C)c2ccccc2)O,321964,basic,8.4,2.76,325.488,5.114,5.1,23.47,1,1,red,green,yellow
477,c1c-2c(=O)ncnc2[nH][nH]1,395607,neutral,9.3,-1.89,136.111,0.307,-1.76,74.43,2,3,green,green,green
478,CC[C@@H]1[C@@]([C@@H]([C@H](N(C[C@@H](C[C@@]([C@@H]([C@H]([C@@H]([C@H](C(=O)O1)C)O[C@H]2C[C@@]([C@H]([C@@H](O2)C)O)(C)OC)C)O[C@H]3[C@@H]([C@H](C[C@H](O3)C)N(C)C)O)(C)O)C)C)C)O)(C)O,12428,basic,9.6,-1.23,748.984,4.246,2.44,180.08,5,12,green,red,green
479,c1ccc2c(c1)OCC(O2)C3=NCCN3,6784,basic,10.0,-0.45,204.225,0.298,0.77,42.85,1,3,green,green,green
480,CNCCCN1c2ccccc2CCc3c1cccc3,6243,basic,10.8,1.37,266.381,3.43,3.9,15.27,1,0,yellow,green,green
481,CC1=C(C(C(=C(N1)C)C(=O)OCCN(C)Cc2ccccc2)c3cccc(c3)[N+](=O)[O-])C(=O)OC,407549,basic,10.9,2.71,479.525,4.703,3.56,111.01,1,6,yellow,yellow,yellow
482,CC(CN1CCCCC1)c2ccccc2NC(=O)c3ccc(cc3)OC,561929,basic,12.2,2.49,352.47,4.016,3.7,41.57,1,2,yellow,green,yellow
483,CCCc1nc(c2n1[nH]c(nc2=O)c3cc(ccc3OCC)S(=O)(=O)N4CCN(CC4)CC)C,421326,neutral,13.0,1.31,488.603,3.201,1.32,112.9,1,6,green,yellow,green
484,C[C@H]1[C@H]([C@H](C[C@@H](O1)O[C@H]2C[C@@](Cc3c2c(c4c(c3O)C(=O)c5cccc(c5C4=O)OC)O)(C(=O)CO)O)N)O,78759,basic,13.2,0.1,543.519,0.435,0.86,206.07,6,11,green,red,green
485,COC(=O)Nc1[nH]c2cc(ccc2n1)C(=O)c3ccccc3,29637,neutral,14.8,3.23,295.293,2.887,3.26,84.08,2,4,yellow,green,yellow
486,CC1=C(C(C(=C(N1)C)C(=O)OC(C)C)c2cccc(c2)[N+](=O)[O-])C(=O)OCCOC,365248,neutral,15.0,2.54,418.44,3.746,2.54,117.0,1,7,green,yellow,yellow
487,CC1=C(C(C(=C(N1)C)C(=O)OCC(C)C)c2ccccc2[N+](=O)[O-])C(=O)OC,554892,neutral,15.0,3.06,388.414,3.826,3.06,107.77,1,6,yellow,green,yellow
488,CN1[C@H]2CC(C[C@H]1[C@H]3[C@H]2O3)OC(=O)[C@H](CO)c4ccccc4,675020,neutral,15.0,0.76,303.353,1.29,0.89,62.3,1,4,green,green,green
489,CNS(=O)(=O)Cc1ccc2c(c1)c(c[nH]2)CCN(C)C,27111,basic,15.3,-1.24,295.4,1.213,0.74,65.2,2,2,green,green,green
490,CCOC(=O)[C@]1(CCC=C[C@H]1N(C)C)c2ccccc2,567141,basic,15.7,2.13,273.37,3.1,3.35,29.54,0,2,yellow,green,yellow
491,CN(C)CCCN1c2ccccc2Sc3c1cc(cc3)Cl,6216,basic,15.8,2.74,318.864,4.869,4.54,6.48,0,0,yellow,green,yellow
492,CC(C)n1c2ccccc2c(c1/C=C/[C@H](C[C@H](CC(=O)O)O)O)c3ccc(cc3)F,140116,acidic,16.0,1.06,411.466,3.885,3.83,82.69,2,4,yellow,yellow,green
493,CCN(c1cccc(c1)c2ccnc3n2ncc3C#N)C(=O)C,421332,neutral,16.0,1.53,305.334,2.792,1.53,74.29,0,4,green,green,green
494,CC(C)[C@@](CCCN(C)CCc1ccc(c(c1)OC)OC)(C#N)c2ccc(c(c2)OC)OC,447087,basic,16.5,2.79,454.602,4.689,5.04,63.95,0,5,red,yellow,yellow
495,C[C@H](Cc1ccccc1)N(C)CC#C,96021,basic,19.8,1.55,187.281,2.5,2.85,3.24,0,0,green,green,green
496,C1C2CC3CC1CC(C2)(C3)N,27647,basic,0.0,-1.38,151.249,1.378,1.47,26.02,1,0,green,green,green
497,CC(C)NCC(COc1ccc(cc1)CC(=O)N)O,1279,basic,0.03,-1.8,266.336,0.775,0.43,84.58,3,3,green,green,green
498,C[C@H](CS)C(=O)N1CCC[C@H]1C(=O)O,444750,acidic,0.0,-2.42,217.285,-0.163,0.73,57.61,0,3,green,green,green
499,CCCNC(=O)NS(=O)(=O)c1ccc(cc1)Cl,8516,acidic,0.036,1.0,276.74,1.939,1.94,75.27,2,3,green,green,green
500,CC1=NS(=O)(=O)c2cc(ccc2N1)Cl,364859,acidic,0.0,1.0,230.671,2.181,1.0,58.53,1,3,green,green,green
501,C[C@@H]1[C@H]([C@H](C[C@@H](O1)O[C@@H]2[C@H](O[C@H](C[C@@H]2O)O[C@@H]3[C@H](O[C@H](C[C@@H]3O)O[C@H]4CC[C@]5([C@@H](C4)CC[C@@H]6[C@@H]5C[C@H]([C@]7([C@@]6(CC[C@@H]7C8=CC(=O)OC8)O)C)O)C)C)C)O)O,581814,acidic,0.0,1.92,780.938,3.169,2.37,203.06,6,14,green,red,green
502,C[C@@H](C(=O)N1CCC[C@H]1C(=O)O)N[C@@H](CCc2ccccc2)C(=O)O,16759,zwitterionic,0.0,-4.01,348.394,0.668,-1.22,106.94,1,5,green,green,green
503,c1c(c([nH]c(=O)n1)N)F,393942,neutral,0.02,-1.01,129.092,-0.91,-0.95,71.77,2,2,green,green,green
504,C[C@H]1[C@H](O1)P(=O)(O)O,581859,acidic,0.02,-3.18,138.059,-0.196,-0.74,70.06,2,4,green,green,green
505,C1CCC(CC1)(CC(=O)O)CN,88316,zwitterionic,0.0,-1.27,171.237,0.349,-1.51,63.32,1,2,green,green,green
506,C[C@H]([C@](Cn1cncn1)(c2ccc(cc2F)F)O)S(=O)(=O)C,50321,neutral,0.038,0.27,331.338,0.024,0.27,85.08,1,5,green,green,green
507,c1ccc(cc1)CC[C@@H](C(=O)O)N[C@@H](CCCCN)C(=O)N2CCC[C@H]2C(=O)O,230659,zwitterionic,0.0,-3.18,405.488,-0.016,-3.41,132.96,2,5,green,yellow,green
508,CN(C)C(=N)NC(=N)N,369464,basic,0.0,-5.62,129.164,-0.946,-0.92,88.99,4,0,green,green,green
509,C1[C@@H]([C@H]([C@@H]([C@H](N1CCO)CO)O)O)O,445681,basic,0.0,-3.6,207.224,-1.976,-3.19,104.39,5,5,green,green,green
510,CCC1(C(=O)NC(=O)NC1=O)c2ccccc2,2217,neutral,0.0479,1.33,232.235,1.143,1.41,75.27,2,3,green,green,green
511,C[C@@H](C(=O)N1Cc2ccccc2C[C@H]1C(=O)O)N[C@@H](CCc3ccccc3)C(=O)O,561889,zwitterionic,0.0,-2.68,410.463,1.841,0.13,106.94,1,5,green,yellow,green
512,Cc1ccc(cc1NC(=O)c2cccc(c2)NC(=O)Nc3cccc(c3)C(=O)Nc4cc(ccc4C)C(=O)Nc5ccc(c6c5c(cc(c6)S(=O)(=O)O)S(=O)(=O)O)S(=O)(=O)O)C(=O)Nc7ccc(c8c7c(cc(c8)S(=O)(=O)O)S(=O)(=O)O)S(=O)(=O)O,29061,acidic,0.0011,-8.68,1297.28,5.06,4.28,483.75,12,23,yellow,red,green
513,CN1C(=C(c2c(ccs2)S1(=O)=O)O)C(=O)Nc3ccccn3,112102,acidic,0.0297,-1.91,337.374,1.501,-0.52,99.6,2,5,green,green,green
514,CCO[C@@H](Cc1ccc(cc1)OCCc2ccc(cc2)OS(=O)(=O)C)C(=O)O,33827,acidic,0.032,-0.15,408.465,3.193,3.14,99.13,0,7,yellow,yellow,green
515,C[C@@H]1[C@H]([C@@H]([C@H]([C@H](O1)O[C@@H]2[C@H](O[C@@H]([C@@H]([C@H]2O)O)O[C@@H]3[C@H](O[C@H]([C@@H]([C@H]3O)O)O)CO)CO)O)O)N[C@H]4C=C([C@H]([C@@H]([C@H]4O)O)O)CO,448986,neutral,0.1,-7.77,645.605,-3.051,-7.61,321.17,14,18,green,red,green
516,Cc1nnc(s1)SCC2=C(N3[C@@H]([C@@H](C3=O)NC(=O)Cn4cnnn4)SC2)C(=O)O,371631,acidic,0.1,-4.99,454.507,-0.475,-1.52,156.09,1,9,green,yellow,green
517,Cn1c(nc(=O)c(n1)O)SCC2=C(N3[C@@H]([C@@H](C3=O)NC(=O)/C(=N\OC)/c4csc(n4)N)SC2)C(=O)O,83724,acidic,0.1,-5.5,554.58,0.073,-0.93,215.22,3,11,green,red,green
518,CO/N=C(/c1ccco1)\C(=O)N[C@H]2[C@@H]3N(C2=O)C(=C(CS3)COC(=O)N)C(=O)O,371655,acidic,0.1,-4.36,424.385,0.224,-0.9,173.76,2,9,green,yellow,green
519,c1cc(c(cc1F)F)C(Cn2cncn2)(Cn3cncn3)O,13758,neutral,0.1,0.56,306.271,0.019,0.56,81.65,1,5,green,green,green
520,C1C(CN(C1=O)CC(=O)N)O,53624,neutral,0.1,-2.6,158.155,-2.126,-2.6,83.63,2,3,green,green,green
521,c1ccc(cc1)N2C(=O)C(C(=O)N2c3ccccc3)CC[S+](c4ccccc4)[O-],60232,acidic,0.1,1.09,404.481,2.843,3.19,63.68,0,3,yellow,yellow,green
522,CCN1CCCC1CNC(=O)c2cc(ccc2OC)S(=O)(=O)N,1333,basic,0.1,-0.7,341.426,0.863,0.22,101.73,2,4,green,green,green
523,CC(=O)CC(c1ccccc1)c2c(c3ccccc3oc2=O)O,394165,acidic,0.1,0.94,308.328,3.534,2.74,67.51,1,4,green,green,green
524,c1cc2c(cc1)C(=O)C(=C(C2=O)[C@H]3CC[C@@H](CC3)c4ccc(cc4)Cl)O,378315,acidic,0.2,3.33,366.837,5.908,5.0,54.37,1,3,yellow,green,yellow
525,CC1=C(N2[C@@H]([C@@H](C2=O)NC(=O)[C@@H](c3ccc(cc3)O)N)SC1)C(=O)O,485902,zwitterionic,0.2,-2.7,363.388,-0.252,-3.84,132.96,3,5,green,green,green
526,Cc1nnc(s1)SCC2=C(N3[C@@H]([C@@H](C3=O)NC(=O)[C@@H](c4ccccc4)O)SC2)C(=O)O,1248725,acidic,0.2,-2.91,478.565,1.528,0.55,132.72,2,7,green,yellow,green
527,CC1=C(N2[C@@H]([C@@H](C2=O)NC(=O)[C@@H](C3=CCC=CC3)N)SC1)C(=O)O,454576,zwitterionic,0.2,-2.64,349.405,0.586,-3.93,112.73,2,4,green,green,green
528,Cc1c(nc[nH]1)CSCC/N=C(\NC)/NC#N,1620,neutral,0.2,-0.22,252.339,0.09,-0.11,88.89,3,3,green,green,green
529,c1ccc(cc1)C(=O)c2ccc3n2CCC3C(=O)O,5080,acidic,0.2,-0.96,255.269,2.136,2.28,59.3,0,3,green,green,green
530,CCCN(CCC)S(=O)(=O)c1ccc(cc1)C(=O)O,77474,acidic,0.2,-0.92,285.359,2.703,2.44,74.68,0,4,green,green,green
531,c1cc(cnc1)CC(O)(P(=O)(O)O)P(=O)(O)O,83772,acidic,0.2,-6.73,283.112,-1.706,-3.34,148.18,5,8,green,green,green
532,CCN(CC)CCNC(=O)c1ccc(cc1)NS(=O)(=O)C,160578,basic,0.2,-1.48,313.416,1.758,-0.45,78.51,2,3,green,green,green
533,c1cnc(nc1)NS(=O)(=O)c2ccc(cc2)N,2131,acidic,0.2,-0.05,250.277,0.344,0.39,97.97,2,4,green,green,green
534,c1ccnc(c1)NS(=O)(=O)c2ccc(cc2)N=Nc3ccc(c(c3)C(=O)O)O,1223,acidic,0.2,0.25,398.393,3.907,3.94,141.31,2,8,yellow,green,green
535,Cc1c(noc1NS(=O)(=O)c2ccc(cc2)N)C,2484,acidic,0.2,-0.14,267.304,1.224,0.73,98.22,2,4,green,green,green
536,CCCCNC(=O)NS(=O)(=O)c1ccc(cc1)C,46726,acidic,0.2,1.36,270.348,2.106,2.3,75.27,2,3,green,green,green
537,CC(=O)N[C@@H]1[C@H](C=C(O[C@H]1[C@@H]([C@@H](CO)O)O)C(=O)O)N=C(N)N,373806,zwitterionic,0.2,-5.83,332.31,-3.092,-6.06,200.72,6,8,green,green,green
538,c1cn(c(=O)nc1N)C[C@@H](CO)OCP(=O)(O)O,48701,acidic,0.3,-4.7,279.187,-2.173,-4.15,147.9,4,7,green,green,green
539,C[C@H]1c2cccc(c2C(=O)C3=C([C@]4([C@@H]([C@H]([C@H]13)O)[C@@H](C(=C(C4=O)C(=O)N)O)N(C)C)O)O)O,371546,acidic,0.3,-3.57,444.435,-0.181,-3.37,181.62,6,8,green,yellow,green
540,C[C@]12CC[C@H]3[C@H]([C@@H]1CC[C@@H]2C(=O)NC(C)(C)C)CC=C4[C@@]3(CCC(=C4)C(=O)O)C,225763,acidic,0.3,1.44,399.566,4.146,4.18,66.4,1,3,yellow,green,green
541,C[C@@H]1OC[C@@H]2[C@@H](O1)[C@@H]([C@H]([C@@H](O2)O[C@@H]3c4cc5c(cc4[C@H]([C@@H]6[C@@H]3COC6=O)c7cc(c(c(c7)OC)O)OC)OCO5)O)O,68607,neutral,0.3,1.16,588.557,0.882,1.16,160.83,3,13,green,red,green
542,C[C@H]([C@@H]1CC[C@H]([C@H](O1)O[C@@H]2[C@H](C[C@H]([C@@H]([C@H]2O)O[C@@H]3[C@@H]([C@H]([C@@](CO3)(C)O)NC)O)N)N)N)N.C[C@H]([C@@H]1CC[C@H]([C@H](O1)O[C@@H]2[C@H](C[C@H]([C@@H]([C@H]2O)O[C@@H]3[C@@H]([C@H]([C@@](CO3)(C)O)NC)O)N)N)N)NC.C[C@@]1(CO[C@@H]([C@@H]([C@H]1NC)O)O[C@H]2[C@@H](C[C@@H]([C@H]([C@@H]2O)O[C@@H]3[C@@H](CC[C@H](O3)CN)N)N)N)O,675210,basic,0.3,-11.79,1390.707,-10.62,-3.14,627.17,24,21,green,red,green
543,c1cc(ccc1CNC(=O)[C@@H]2CCN2C(=O)[C@@H](C3CCCCC3)NCC(=O)O)C(=N)N,2451,zwitterionic,0.3,-1.73,429.513,0.919,-4.59,148.61,4,4,green,yellow,green
544,Cc1ccccc1N2C(Nc3cc(c(cc3C2=O)S(=O)(=O)N)Cl)C,73548,neutral,0.3,2.94,365.835,2.398,2.94,92.5,2,3,green,green,yellow
545,CCC(CC)O[C@@H]1C=C(C[C@@H]([C@H]1NC(=O)C)N)C(=O)O,28675,zwitterionic,0.3,-1.84,284.351,0.415,-2.07,101.65,2,4,green,green,green
546,CC(C)NCC(COc1ccc(cc1)NC(=O)C)O,1380,basic,0.3,-1.39,266.336,1.345,0.83,70.59,3,3,green,green,green
547,CC(C)NCC(c1ccc(cc1)NS(=O)(=O)C)O,5528,basic,0.3,-2.12,272.364,1.036,-0.41,78.43,3,3,green,green,green
548,CCCCC(=O)N(Cc1ccc(cc1)c2ccccc2c3n[nH]nn3)[C@@H](C(C)C)C(=O)O,139045,acidic,0.3,2.05,435.519,4.215,5.27,112.07,1,6,red,yellow,yellow
549,C[C@H]1[C@H]([C@@](C[C@@H](O1)O[C@@H]2[C@H]([C@@H]([C@H](O[C@H]2Oc3c4cc5cc3Oc6ccc(cc6Cl)[C@H]([C@H](C(=O)N[C@H](C(=O)N[C@H]5C(=O)N[C@@H]7c8ccc(c(c8)-c9c(cc(cc9O)O)[C@H](NC(=O)[C@H]([C@@H](c1ccc(c(c1)Cl)O4)O)NC7=O)C(=O)O)O)CC(=O)N)NC(=O)[C@@H](CC(C)C)NC)O)CO)O)O)(C)N)O,70140,zwitterionic,0.3,-4.86,1449.254,0.58,-7.55,530.49,18,24,green,red,green
550,c1nc(c2c(n1)n(cn2)CCOCP(=O)(O)O)N,6078,acidic,0.4,-3.96,273.186,-0.903,-4.37,136.38,3,7,green,green,green
551,C[C@H]1/C=C/C=C/C=C/C=C/C=C/C=C/C=C/[C@@H](C[C@H]2[C@@H]([C@H](C[C@](O2)(C[C@H](C[C@H]([C@@H](CC[C@H](C[C@H](CC(=O)O[C@H]([C@@H]([C@@H]1O)C)C)O)O)O)O)O)O)O)C(=O)O)O[C@H]3[C@H]([C@H]([C@@H]([C@H](O3)C)O)N)O,8873,zwitterionic,0.4,-2.31,924.079,3.595,-4.58,319.61,11,17,green,red,green
552,CC1=C(N2[C@@H]([C@@H](C2=O)NC(=O)/C(=N\OC)/c3csc(n3)N)SC1)C(=O)O,1376034,acidic,0.4,-3.32,397.429,0.604,-0.6,147.21,2,7,green,green,green
553,CC1=C(N2[C@@H]([C@@H](C2=O)NC(=O)[C@@H](c3ccccc3)N)SC1)C(=O)O,555972,zwitterionic,0.4,-2.4,347.389,0.003,-3.53,112.73,2,4,green,green,green
554,CNC1=Nc2ccc(cc2C(=[N+](C1)[O-])c3ccccc3)Cl,2431,neutral,0.4,1.46,299.755,1.568,3.05,50.46,1,2,yellow,green,green
555,c1cc(ccc1N)S(=O)(=O)c2ccc(cc2)N,126356,neutral,0.4,1.27,248.301,1.125,1.27,86.18,2,2,green,green,green
556,CN1c2ccc(cc2C(=NCC1=O)c3ccccc3)Cl,721,neutral,0.4,3.08,284.74,2.662,3.08,32.67,0,2,yellow,green,yellow
557,CC(C)N(CCC(c1ccccc1)(c2ccccn2)C(=O)N)C(C)C,11143,basic,0.4,0.57,339.474,3.188,3.47,59.22,1,2,yellow,green,green
558,C(=O)(O)P(=O)(O)O,27780,acidic,0.4,-7.58,126.005,-1.026,-0.83,94.83,2,5,green,green,green
559,CN(Cc1cnc2c(n1)c(nc(n2)N)N)c3ccc(cc3)C(=O)N[C@@H](CCC(=O)O)C(=O)O,49931,acidic,0.4,-6.56,454.439,-0.619,-0.51,210.54,3,9,green,yellow,green
560,c1ccc(cc1)C2(C(=O)NC(=O)N2)c3ccccc3,921,neutral,0.4,2.14,252.268,1.813,2.15,58.2,2,2,green,green,yellow
561,C[C@H]1[C@@H](C(=O)N1S(=O)(=O)O)NC(=O)/C(=N\OC(C)(C)C(=O)O)/c2csc(n2)N,61680,acidic,0.5,-6.12,435.433,-0.383,-4.15,201.58,3,10,green,yellow,green
562,c1ccc2c(c1)C(=O)NC2(c3ccc(c(c3)S(=O)(=O)N)Cl)O,134333,neutral,0.5,1.58,338.766,1.437,1.6,109.49,3,4,green,green,green
563,c1nc2c(=O)[nH]c(nc2n1COC(CO)CO)N,365284,neutral,0.5,-2.18,255.231,-2.013,-2.18,139.28,4,6,green,green,green
564,CC1CN(CCN1)c2c(cc3c(c2OC)n(cc(c3=O)C(=O)O)C4CC4)F,1712,zwitterionic,0.5,-0.58,375.394,0.049,-1.24,83.8,1,4,green,green,green
565,C[C@H]1COc2c3n1cc(c(=O)c3cc(c2N4CCN(CC4)C)F)C(=O)O,1795,acidic,0.5,-0.28,361.368,-0.031,0.65,75.01,0,4,green,green,green
566,CCOc1ccccc1OCCN[C@H](C)Cc2ccc(c(c2)S(=O)(=O)N)OC,61181,basic,0.5,0.47,408.512,2.903,2.02,99.88,2,5,green,yellow,green
567,CCS(=O)(=O)CCn1c(ncc1[N+](=O)[O-])C,222633,neutral,0.5,-0.58,247.272,0.137,-0.58,95.1,0,5,green,green,green
568,CC[C@@]1(C[C@H]2C[C@@](c3c(c4ccccc4[nH]3)CCN(C2)C1)(c5cc6c(cc5OC)N([C@@H]7[C@]68CCN9[C@H]8[C@@](C=CC9)([C@H]([C@@]7(C(=O)OC)O)OC(=O)C)CC)C)C(=O)OC)O,71516,basic,0.5,1.81,810.974,4.715,4.18,154.1,3,9,yellow,red,green
569,C[N+]1(CCCC1)CC2=C(N3[C@@H]([C@@H](C3=O)NC(=O)/C(=N\OC)/c4csc(n4)N)SC2)C(=O)[O-],372385,acidic,0.6,-3.45,480.561,-1.519,-4.47,150.04,2,7,green,yellow,green
570,C=CC1=C(N2[C@@H]([C@@H](C2=O)NC(=O)/C(=N\OCC(=O)O)/c3csc(n3)N)SC1)C(=O)O,430642,acidic,0.6,-7.09,453.45,0.052,-1.22,184.51,2,9,green,yellow,green
571,Cc1c(c(no1)c2ccccc2Cl)C(=O)N[C@H]3[C@@H]4N(C3=O)[C@H](C(S4)(C)C)C(=O)O,76766,acidic,0.6,-0.98,435.881,3.381,2.3,112.74,1,6,green,yellow,green
572,c1cc(c(c(c1)Cl)Cl)c2c(nc(nn2)N)N,38727,neutral,0.6,1.91,256.091,2.342,1.93,90.71,2,3,green,green,green
573,c1cc(ccc1C#N)C(c2ccc(cc2)C#N)n3cncn3,374548,neutral,0.6,2.94,285.303,2.852,2.94,78.29,0,4,green,green,yellow
574,C[C@]1(c2cccc(c2C(=O)C3=C([C@]4([C@@H](C[C@@H]31)[C@@H](C(=C(C4=O)C(=O)N)O)N(C)C)O)O)O)O,373985,acidic,0.6,-3.7,444.435,-0.003,-3.65,181.62,6,8,green,yellow,green
575,c1cc(ccc1[C@H](C(=O)N[C@H]2[C@@H]3N(C2=O)C(=C(CS3)CSc4c[nH]nn4)C(=O)O)N)O,624270,acidic,0.7,-2.46,462.503,-0.521,-3.74,174.53,4,7,green,yellow,green
576,c1cc(oc1)CNc2cc(c(cc2C(=O)O)S(=O)(=O)N)Cl,2046,acidic,0.7,-1.25,330.744,2.03,1.75,122.63,2,5,green,green,green
577,C[C@@H]1C(=O)O[C@@H]2[C@]1([C@@]34C(=O)O[C@H]5[C@]3(C2)[C@@]6([C@@H](C5)C(C)(C)C)[C@H](C(=O)O[C@H]6O4)O)O,464397,neutral,0.7,0.34,408.399,-1.933,0.34,128.59,2,9,green,yellow,green
578,c1c(c(cc2c1NCNS2(=O)=O)S(=O)(=O)N)C(F)(F)F,583522,neutral,0.7,-0.31,331.292,0.339,-0.3,118.36,3,4,green,green,green
579,Cc1ncc(n1CCO)[N+](=O)[O-],27912,neutral,0.7,-0.46,171.154,-0.093,-0.46,81.19,1,4,green,green,green
580,C[C@@H]1C[C@@H]([C@@H]2[C@H](C[C@H]([C@@](O2)(C(=O)C(=O)N3CCCC[C@H]3C(=O)O[C@@H]([C@@H]([C@H](CC(=O)[C@@H](/C=C(/C1)\C)CC=C)O)C)/C(=C/[C@@H]4CC[C@H]([C@@H](C4)OC)O)/C)O)C)OC)OC,924,neutral,0.7,5.59,804.018,4.205,5.59,178.36,3,12,red,red,red
581,Cc1c(c(no1)c2c(cccc2Cl)Cl)C(=O)N[C@H]3[C@@H]4N(C3=O)[C@H](C(S4)(C)C)C(=O)O,77085,acidic,0.8,-0.38,470.326,3.961,2.91,112.74,1,6,green,yellow,green
582,Cn1c2c(c(=O)n(c1=O)C)n(cn2)CC(CO)O,581819,neutral,0.8,-1.87,254.243,-1.684,-1.87,102.28,2,5,green,green,green
583,CC1COc2c3n1cc(c(=O)c3cc(c2N4CCN(CC4)C)F)C(=O)O,146,acidic,0.8,-0.28,361.368,-0.394,0.65,75.01,0,4,green,green,green
584,c1ccc(cc1)C(CCN2CCCC2)(C3CCCCC3)O,139241,basic,0.8,1.75,287.44,4.134,3.79,23.47,1,1,yellow,green,green
585,CCOc1ccccc1OC(c2ccccc2)C3CNCCO3,14263,basic,0.8,2.65,313.391,3.169,3.28,39.72,1,3,yellow,green,yellow
586,Cn1c2c(c(=O)n(c1=O)C)[nH]cn2,381693,neutral,0.8,-0.89,180.164,-0.527,-0.77,72.68,1,3,green,green,green
587,c1ccc(c(c1)C2=NCC(=O)Nc3c2cc(cc3)[N+](=O)[O-])Cl,2465,neutral,0.9,3.15,315.711,3.153,3.15,84.6,1,4,yellow,green,yellow
588,CN1CCN(CC1)c2c(cc3c(c2F)n(cc(c3=O)C(=O)O)CCF)F,210,acidic,0.9,0.1,369.338,-0.075,1.12,65.78,0,3,green,green,green
589,c1ccc(cc1)C2=NCC(=O)Nc3c2cc(cc3)[N+](=O)[O-],11745,neutral,0.9,2.55,281.266,2.541,2.55,84.6,1,4,green,green,yellow
590,c1cc(c(cc1N/N=C/2\C=CC(=O)C(=C2)C(=O)O)C(=O)O)O,583525,acidic,0.9,-3.93,302.239,2.153,1.24,136.29,2,7,green,green,green
591,c1c2c(c(c(c1F)N3C[C@H](C4(C3)CC4)N)Cl)n(cc(c2=O)C(=O)O)[C@@H]5C[C@@H]5F,179239,zwitterionic,0.9,-0.16,409.814,0.729,-1.55,88.56,1,3,green,yellow,green
592,CCCCNc1cc(cc(c1Oc2ccccc2)S(=O)(=O)N)C(=O)O,139281,acidic,1.0,-0.13,364.416,3.028,2.42,118.72,2,5,green,green,green
593,C1CNP(=O)(OC1)N(CCCl)CCCl,8417,neutral,1.0,0.1,261.086,0.972,0.1,41.57,1,2,green,green,green
594,CCCCCN(CCCOC)C(=O)C(CCC(=O)O)NC(=O)c1ccc(c(c1)Cl)Cl,343064,acidic,1.0,0.24,461.379,3.265,3.37,95.94,1,5,yellow,yellow,green
595,COc1cc2c(cc1OC)nc(nc2N)N3CCN(CC3)C(=O)C4CCCO4,23093,neutral,1.0,0.95,387.433,0.953,1.18,103.04,1,6,green,green,green
596,CC(CC(c1ccccc1)c2ccccc2)NC(C)(C)C,308699,basic,1.0,2.23,281.435,4.663,5.16,12.03,1,0,red,green,yellow
